date,visitor
2008-10-01,"11,483"
2008-10-02,"14,012"
2008-10-03,"58,660"
2008-10-04,"38,961"
2008-10-05,"34,852"
2008-10-06,"8,374"
2008-10-07,"13,540"
2008-10-08,"13,507"
2008-10-09,"15,938"
2008-10-10,"18,154"
2008-10-11,"34,177"
2008-10-12,"39,258"
2008-10-13,"16,690"
2008-10-14,"11,237"
2008-10-15,"7,811"
2008-10-16,"21,196"
2008-10-17,"20,739"
2008-10-18,"30,858"
2008-10-19,"40,541"
2008-10-20,"18,668"
2008-10-21,"24,382"
2008-10-22,"7,591"
2008-10-23,"10,040"
2008-10-24,"19,539"
2008-10-25,"20,817"
2008-10-26,"37,348"
2008-10-27,"7,268"
2008-10-28,"11,942"
2008-10-29,"9,624"
2008-10-30,"9,730"
2008-10-31,"4,021"
2008-11-01,"26,262"
2008-11-02,"35,939"
2008-11-03,"7,165"
2008-11-04,"8,228"
2008-11-05,"5,184"
2008-11-06,"4,215"
2008-11-07,"6,056"
2008-11-08,"28,997"
2008-11-09,"25,562"
2008-11-10,"5,771"
2008-11-11,"5,144"
2008-11-12,"4,711"
2008-11-13,"5,341"
2008-11-14,"4,867"
2008-11-15,"7,211"
2008-11-16,"20,552"
2008-11-17,"2,226"
2008-11-18,"1,284"
2008-11-19,"1,032"
2008-11-20,924
2008-11-21,"1,560"
2008-11-22,"7,810"
2008-11-23,"13,003"
2008-11-24,"2,101"
2008-11-25,"1,757"
2008-11-26,"2,142"
2008-11-27,314
2008-11-28,"1,867"
2008-11-29,"3,630"
2008-11-30,"7,024"
2008-12-01,"1,462"
2008-12-02,"2,186"
2008-12-03,"2,676"
2008-12-04,597
2008-12-05,618
2008-12-06,859
2008-12-07,"2,023"
2008-12-08,"1,006"
2008-12-09,"1,727"
2008-12-10,"1,815"
2008-12-11,"1,497"
2008-12-12,"1,873"
2008-12-13,"5,630"
2008-12-14,"5,194"
2008-12-15,"1,589"
2008-12-16,"2,632"
2008-12-17,"1,056"
2008-12-18,"2,152"
2008-12-19,"1,378"
2008-12-20,"2,217"
2008-12-21,"4,396"
2008-12-22,710
2008-12-23,"1,256"
2008-12-24,"1,720"
2008-12-25,"6,868"
2008-12-26,"2,116"
2008-12-27,"3,702"
2008-12-28,"6,464"
2008-12-29,"2,014"
2008-12-30,"1,689"
2008-12-31,"1,363"
2009-01-01,"49,948"
2009-01-02,"57,274"
2009-01-03,"8,856"
2009-01-04,"24,046"
2009-01-05,"96,434"
2009-01-06,"6,640"
2009-01-07,"24,458"
2009-01-08,"44,790"
2009-01-09,"38,119"
2009-01-10,"8,118"
2009-01-11,"13,247"
2009-01-12,"19,622"
2009-01-13,"19,035"
2009-01-14,"22,131"
2009-01-15,"32,767"
2009-01-16,"44,641"
2009-01-17,"14,961"
2009-01-18,"3,528"
2009-01-19,"9,663"
2009-01-20,"26,175"
2009-01-21,"68,494"
2009-01-22,"43,271"
2009-01-23,"4,158"
2009-01-24,"3,583"
2009-01-25,"7,342"
2009-01-26,"14,249"
2009-01-27,"13,796"
2009-01-28,"14,138"
2009-01-29,"32,550"
2009-01-30,"38,830"
2009-01-31,"8,302"
2009-02-01,"20,978"
2009-02-02,"2,577"
2009-02-03,"3,123"
2009-02-04,"3,086"
2009-02-05,"2,002"
2009-02-06,"2,531"
2009-02-07,"6,749"
2009-02-08,"16,491"
2009-02-09,"2,152"
2009-02-10,"1,835"
2009-02-11,"1,885"
2009-02-12,"2,051"
2009-02-13,206
2009-02-14,"8,553"
2009-02-15,"4,729"
2009-02-16,969
2009-02-17,"1,006"
2009-02-18,"1,806"
2009-02-19,"1,349"
2009-02-20,"1,019"
2009-02-21,"5,162"
2009-02-22,"6,914"
2009-02-23,"4,806"
2009-02-24,"3,178"
2009-02-25,"4,321"
2009-02-26,"4,781"
2009-02-27,"5,397"
2009-02-28,"21,973"
2009-03-01,"30,760"
2009-03-02,"3,752"
2009-03-03,791
2009-03-04,"2,581"
2009-03-05,"1,119"
2009-03-06,"1,509"
2009-03-07,"11,871"
2009-03-08,"28,519"
2009-03-09,"3,503"
2009-03-10,"3,243"
2009-03-11,"3,150"
2009-03-12,"2,691"
2009-03-13,603
2009-03-14,"6,916"
2009-03-15,"18,053"
2009-03-16,"1,588"
2009-03-17,"4,048"
2009-03-18,"2,486"
2009-03-19,"2,309"
2009-03-20,"6,246"
2009-03-21,"41,023"
2009-03-22,"17,703"
2009-03-23,"4,077"
2009-03-24,"2,070"
2009-03-25,"2,535"
2009-03-26,"1,620"
2009-03-27,"4,352"
2009-03-28,"36,071"
2009-03-29,"41,941"
2009-03-30,"4,641"
2009-03-31,"4,891"
2009-04-01,"5,459"
2009-04-02,"8,110"
2009-04-03,"10,332"
2009-04-04,"34,195"
2009-04-05,"53,689"
2009-04-06,"11,807"
2009-04-07,"13,913"
2009-04-08,"27,600"
2009-04-09,"15,467"
2009-04-10,"19,040"
2009-04-11,"70,880"
2009-04-12,"67,901"
2009-04-13,"17,500"
2009-04-14,"20,588"
2009-04-15,"11,712"
2009-04-16,"16,321"
2009-04-17,"22,504"
2009-04-18,"46,655"
2009-04-19,"54,846"
2009-04-20,"7,484"
2009-04-21,"9,037"
2009-04-22,"18,379"
2009-04-23,"20,438"
2009-04-24,"15,125"
2009-04-25,"9,079"
2009-04-26,"25,273"
2009-04-27,"24,915"
2009-04-28,"23,347"
2009-04-29,"16,676"
2009-04-30,"21,639"
2009-05-01,"47,293"
2009-05-02,"35,328"
2009-05-03,"56,125"
2009-05-04,"50,441"
2009-05-05,"70,243"
2009-05-06,"10,755"
2009-05-07,"12,918"
2009-05-08,"13,872"
2009-05-09,"51,308"
2009-05-10,"33,631"
2009-05-11,"2,820"
2009-05-12,"7,844"
2009-05-13,"14,917"
2009-05-14,"21,246"
2009-05-15,"21,331"
2009-05-16,"2,240"
2009-05-17,"26,454"
2009-05-18,"9,638"
2009-05-19,"18,576"
2009-05-20,"14,739"
2009-05-21,"1,816"
2009-05-22,"22,593"
2009-05-23,"32,556"
2009-05-24,"52,803"
2009-05-25,"13,268"
2009-05-26,"12,298"
2009-05-27,"11,559"
2009-05-28,"11,779"
2009-05-29,"11,891"
2009-05-30,"34,133"
2009-05-31,"47,826"
2009-06-01,"9,383"
2009-06-02,"6,523"
2009-06-03,"5,633"
2009-06-04,"14,036"
2009-06-05,"17,786"
2009-06-06,"57,731"
2009-06-07,"23,793"
2009-06-08,"8,748"
2009-06-09,"3,126"
2009-06-10,"4,029"
2009-06-11,"11,898"
2009-06-12,"13,503"
2009-06-13,"41,967"
2009-06-14,"32,763"
2009-06-15,"7,830"
2009-06-16,"7,579"
2009-06-17,"8,386"
2009-06-18,"9,240"
2009-06-19,"11,013"
2009-06-20,"2,500"
2009-06-21,"27,709"
2009-06-22,"6,183"
2009-06-23,"7,706"
2009-06-24,"6,443"
2009-06-25,"7,408"
2009-06-26,"8,453"
2009-06-27,"23,455"
2009-06-28,"20,221"
2009-06-29,"2,239"
2009-06-30,"3,927"
2009-07-01,"4,209"
2009-07-02,"1,691"
2009-07-03,"4,644"
2009-07-04,"16,354"
2009-07-05,"23,160"
2009-07-06,"4,168"
2009-07-07,"2,226"
2009-07-08,"3,816"
2009-07-09,153
2009-07-10,"4,076"
2009-07-11,"20,747"
2009-07-12,598
2009-07-13,"2,836"
2009-07-14,269
2009-07-15,"3,302"
2009-07-16,"4,947"
2009-07-17,"1,380"
2009-07-18,"2,656"
2009-07-19,"19,380"
2009-07-20,"4,854"
2009-07-21,"4,488"
2009-07-22,"5,393"
2009-07-23,"5,233"
2009-07-24,"5,831"
2009-07-25,"20,022"
2009-07-26,"24,276"
2009-07-27,"8,955"
2009-07-28,"8,530"
2009-07-29,"10,732"
2009-07-30,"12,335"
2009-07-31,"12,136"
2009-08-01,"23,219"
2009-08-02,"24,977"
2009-08-03,"19,374"
2009-08-04,"14,877"
2009-08-05,"11,720"
2009-08-06,"11,639"
2009-08-07,"6,020"
2009-08-08,"17,016"
2009-08-09,"17,748"
2009-08-10,"5,585"
2009-08-11,"1,277"
2009-08-12,643
2009-08-13,"7,906"
2009-08-14,"7,374"
2009-08-15,"24,065"
2009-08-16,"13,300"
2009-08-17,"5,602"
2009-08-18,"5,286"
2009-08-19,"5,549"
2009-08-20,"3,333"
2009-08-21,"6,774"
2009-08-22,"18,659"
2009-08-23,"18,169"
2009-08-24,"4,838"
2009-08-25,"5,246"
2009-08-26,"3,256"
2009-08-27,"1,802"
2009-08-28,"4,747"
2009-08-29,"16,846"
2009-08-30,"11,336"
2009-08-31,"4,518"
2009-09-01,"3,754"
2009-09-02,"4,119"
2009-09-03,"5,731"
2009-09-04,"3,847"
2009-09-05,"16,864"
2009-09-06,"22,709"
2009-09-07,"2,195"
2009-09-08,"3,742"
2009-09-09,"3,822"
2009-09-10,"3,936"
2009-09-11,"3,837"
2009-09-12,"14,757"
2009-09-13,"27,777"
2009-09-14,"3,648"
2009-09-15,"4,040"
2009-09-16,"5,129"
2009-09-17,"3,967"
2009-09-18,"3,914"
2009-09-19,"41,025"
2009-09-20,"28,325"
2009-09-21,835
2009-09-22,"3,955"
2009-09-23,"4,075"
2009-09-24,"4,111"
2009-09-25,"6,208"
2009-09-26,"26,799"
2009-09-27,"9,229"
2009-09-28,"2,651"
2009-09-29,"3,172"
2009-09-30,"3,518"
2009-10-01,"8,921"
2009-10-02,"22,239"
2009-10-03,"31,402"
2009-10-04,"32,918"
2009-10-05,"25,504"
2009-10-06,"6,137"
2009-10-07,"6,566"
2009-10-08,"5,224"
2009-10-09,"9,451"
2009-10-10,"37,497"
2009-10-11,"43,340"
2009-10-12,"7,147"
2009-10-13,"5,800"
2009-10-14,"5,344"
2009-10-15,"10,838"
2009-10-16,"9,251"
2009-10-17,"17,331"
2009-10-18,"40,839"
2009-10-19,"3,199"
2009-10-20,"7,315"
2009-10-21,"9,781"
2009-10-22,"8,916"
2009-10-23,"14,375"
2009-10-24,"46,297"
2009-10-25,"48,314"
2009-10-26,"11,213"
2009-10-27,"9,932"
2009-10-28,"8,850"
2009-10-29,"8,808"
2009-10-30,"9,444"
2009-10-31,"5,854"
2009-11-01,"16,478"
2009-11-02,"2,551"
2009-11-03,"1,920"
2009-11-04,"2,863"
2009-11-05,"4,803"
2009-11-06,"5,629"
2009-11-07,"21,780"
2009-11-08,"5,263"
2009-11-09,"4,592"
2009-11-10,"2,607"
2009-11-11,"3,074"
2009-11-12,"2,918"
2009-11-13,876
2009-11-14,"8,598"
2009-11-15,"4,251"
2009-11-16,"1,246"
2009-11-17,"1,312"
2009-11-18,"1,093"
2009-11-19,"1,352"
2009-11-20,"2,149"
2009-11-21,"5,284"
2009-11-22,"7,328"
2009-11-23,"1,841"
2009-11-24,"2,720"
2009-11-25,"1,181"
2009-11-26,"2,429"
2009-11-27,"2,067"
2009-11-28,"9,117"
2009-11-29,"2,156"
2009-11-30,"1,847"
2009-12-01,"2,246"
2009-12-02,"1,989"
2009-12-03,"1,173"
2009-12-04,"1,694"
2009-12-05,"1,759"
2009-12-06,"3,424"
2009-12-07,"1,808"
2009-12-08,"1,332"
2009-12-09,"1,467"
2009-12-10,856
2009-12-11,"1,553"
2009-12-12,"11,443"
2009-12-13,"7,268"
2009-12-14,"1,289"
2009-12-15,"1,351"
2009-12-16,806
2009-12-17,779
2009-12-18,487
2009-12-19,"1,267"
2009-12-20,"2,168"
2009-12-21,969
2009-12-22,"1,291"
2009-12-23,"2,125"
2009-12-24,"2,475"
2009-12-25,"4,458"
2009-12-26,"3,189"
2009-12-27,"1,923"
2009-12-28,945
2009-12-29,"10,944"
2009-12-30,803
2009-12-31,656
2010-01-01,"5,562"
2010-01-02,"4,841"
2010-01-03,"4,802"
2010-01-04,471
2010-01-05,"4,210"
2010-01-06,674
2010-01-07,587
2010-01-08,871
2010-01-09,"3,072"
2010-01-10,"4,853"
2010-01-11,"1,102"
2010-01-12,906
2010-01-13,560
2010-01-14,661
2010-01-15,921
2010-01-16,"4,788"
2010-01-17,"7,624"
2010-01-18,"1,503"
2010-01-19,"2,544"
2010-01-20,868
2010-01-21,"1,529"
2010-01-22,"1,066"
2010-01-23,"4,039"
2010-01-24,"8,841"
2010-01-25,"1,837"
2010-01-26,"1,820"
2010-01-27,"2,052"
2010-01-28,"1,920"
2010-01-29,"1,891"
2010-01-30,"6,992"
2010-01-31,"8,507"
2010-02-01,"2,254"
2010-02-02,"1,295"
2010-02-03,"1,028"
2010-02-04,"1,053"
2010-02-05,"1,080"
2010-02-06,"5,391"
2010-02-07,"10,456"
2010-02-08,"1,028"
2010-02-09,704
2010-02-10,643
2010-02-11,316
2010-02-12,923
2010-02-13,"3,525"
2010-02-14,"5,097"
2010-02-15,"11,393"
2010-02-16,"3,359"
2010-02-17,"1,600"
2010-02-18,"1,228"
2010-02-19,"1,957"
2010-02-20,"13,410"
2010-02-21,"22,226"
2010-02-22,"3,751"
2010-02-23,"6,737"
2010-02-24,"7,981"
2010-02-25,531
2010-02-26,"4,544"
2010-02-27,"27,321"
2010-02-28,"38,943"
2010-03-01,"2,136"
2010-03-02,"1,818"
2010-03-03,"3,159"
2010-03-04,880
2010-03-05,"2,293"
2010-03-06,"17,246"
2010-03-07,"25,214"
2010-03-08,"2,403"
2010-03-09,"1,238"
2010-03-10,911
2010-03-11,"1,738"
2010-03-12,"1,432"
2010-03-13,"21,816"
2010-03-14,"30,929"
2010-03-15,514
2010-03-16,"1,823"
2010-03-17,"1,593"
2010-03-18,"1,647"
2010-03-19,"1,977"
2010-03-20,"1,999"
2010-03-21,"12,759"
2010-03-22,"1,152"
2010-03-23,"2,145"
2010-03-24,"3,743"
2010-03-25,"1,891"
2010-03-26,"2,709"
2010-03-27,"9,425"
2010-03-28,"31,865"
2010-03-29,"4,776"
2010-03-30,"5,238"
2010-03-31,920
2010-04-01,"2,556"
2010-04-02,"5,239"
2010-04-03,"26,247"
2010-04-04,"43,424"
2010-04-05,"6,734"
2010-04-06,"5,704"
2010-04-07,"8,470"
2010-04-08,"9,673"
2010-04-09,"15,261"
2010-04-10,"38,155"
2010-04-11,"49,614"
2010-04-12,"11,135"
2010-04-13,"11,425"
2010-04-14,"9,837"
2010-04-15,"13,539"
2010-04-16,"16,136"
2010-04-17,"43,996"
2010-04-18,"56,363"
2010-04-19,"12,789"
2010-04-20,"20,018"
2010-04-21,"15,948"
2010-04-22,"14,661"
2010-04-23,"20,595"
2010-04-24,"59,203"
2010-04-25,"69,124"
2010-04-26,"6,369"
2010-04-27,"14,369"
2010-04-28,"3,879"
2010-04-29,"11,423"
2010-04-30,"23,541"
2010-05-01,"49,948"
2010-05-02,"57,274"
2010-05-03,"8,856"
2010-05-04,"24,046"
2010-05-05,"96,434"
2010-05-06,"6,640"
2010-05-07,"24,458"
2010-05-08,"44,790"
2010-05-09,"38,119"
2010-05-10,"8,118"
2010-05-11,"13,247"
2010-05-12,"19,622"
2010-05-13,"19,035"
2010-05-14,"22,131"
2010-05-15,"32,767"
2010-05-16,"44,641"
2010-05-17,"14,961"
2010-05-18,"3,528"
2010-05-19,"9,663"
2010-05-20,"26,175"
2010-05-21,"68,494"
2010-05-22,"43,271"
2010-05-23,"4,158"
2010-05-24,"3,583"
2010-05-25,"7,342"
2010-05-26,"14,249"
2010-05-27,"13,796"
2010-05-28,"14,138"
2010-05-29,"32,550"
2010-05-30,"38,830"
2010-05-31,"8,302"
2010-06-01,"19,597"
2010-06-02,"55,150"
2010-06-03,"10,713"
2010-06-04,"13,629"
2010-06-05,"33,025"
2010-06-06,"39,895"
2010-06-07,"8,210"
2010-06-08,"10,047"
2010-06-09,"9,746"
2010-06-10,"11,998"
2010-06-11,"16,257"
2010-06-12,"4,802"
2010-06-13,"24,464"
2010-06-14,"3,703"
2010-06-15,"6,408"
2010-06-16,"7,054"
2010-06-17,"12,160"
2010-06-18,"10,372"
2010-06-19,"13,207"
2010-06-20,"22,598"
2010-06-21,"5,633"
2010-06-22,"6,928"
2010-06-23,"6,272"
2010-06-24,"6,588"
2010-06-25,"7,195"
2010-06-26,"11,003"
2010-06-27,"10,194"
2010-06-28,"6,175"
2010-06-29,"6,900"
2010-06-30,"2,579"
2010-07-01,"5,072"
2010-07-02,722
2010-07-03,"7,348"
2010-07-04,"19,012"
2010-07-05,"3,734"
2010-07-06,"4,052"
2010-07-07,"4,003"
2010-07-08,"3,964"
2010-07-09,"4,635"
2010-07-10,"22,657"
2010-07-11,"13,379"
2010-07-12,"4,497"
2010-07-13,"4,298"
2010-07-14,"3,678"
2010-07-15,"4,473"
2010-07-16,"1,644"
2010-07-17,"1,022"
2010-07-18,"18,489"
2010-07-19,"4,649"
2010-07-20,"4,941"
2010-07-21,"4,230"
2010-07-22,"4,978"
2010-07-23,"3,384"
2010-07-24,"17,987"
2010-07-25,"20,098"
2010-07-26,"6,573"
2010-07-27,"7,020"
2010-07-28,"6,721"
2010-07-29,"7,852"
2010-07-30,"11,199"
2010-07-31,"24,174"
2010-08-01,"21,484"
2010-08-02,"15,088"
2010-08-03,"16,687"
2010-08-04,"10,351"
2010-08-05,"6,962"
2010-08-06,"5,562"
2010-08-07,"7,957"
2010-08-08,"15,240"
2010-08-09,"5,472"
2010-08-10,"3,506"
2010-08-11,"5,014"
2010-08-12,"5,408"
2010-08-13,"4,420"
2010-08-14,"6,230"
2010-08-15,"17,849"
2010-08-16,"5,594"
2010-08-17,"7,511"
2010-08-18,"5,041"
2010-08-19,"5,396"
2010-08-20,"4,555"
2010-08-21,"11,497"
2010-08-22,"11,051"
2010-08-23,"1,760"
2010-08-24,"2,291"
2010-08-25,"1,121"
2010-08-26,"2,672"
2010-08-27,"4,969"
2010-08-28,"7,440"
2010-08-29,"2,024"
2010-08-30,"4,253"
2010-08-31,"3,102"
2010-09-01,"2,603"
2010-09-02,729
2010-09-03,"2,214"
2010-09-04,"15,886"
2010-09-05,"10,632"
2010-09-06,"2,303"
2010-09-07,"3,425"
2010-09-08,"4,783"
2010-09-09,"1,762"
2010-09-10,"1,314"
2010-09-11,"4,276"
2010-09-12,"13,553"
2010-09-13,"4,619"
2010-09-14,"6,012"
2010-09-15,"5,207"
2010-09-16,"6,340"
2010-09-17,"5,352"
2010-09-18,"24,427"
2010-09-19,"7,444"
2010-09-20,"7,129"
2010-09-21,"2,355"
2010-09-22,"17,099"
2010-09-23,"53,119"
2010-09-24,"38,863"
2010-09-25,"55,423"
2010-09-26,"38,979"
2010-09-27,"4,989"
2010-09-28,"6,881"
2010-09-29,"7,212"
2010-09-30,"10,352"
2010-10-01,"11,128"
2010-10-02,"18,622"
2010-10-03,"21,309"
2010-10-04,"4,869"
2010-10-05,"10,740"
2010-10-06,"10,350"
2010-10-07,"16,744"
2010-10-08,"44,872"
2010-10-09,"53,520"
2010-10-10,"46,249"
2010-10-11,"10,839"
2010-10-12,"10,681"
2010-10-13,"10,494"
2010-10-14,"24,159"
2010-10-15,"22,054"
2010-10-16,"33,332"
2010-10-17,"45,865"
2010-10-18,"8,575"
2010-10-19,"12,404"
2010-10-20,"13,586"
2010-10-21,"14,839"
2010-10-22,"27,664"
2010-10-23,"62,333"
2010-10-24,"49,375"
2010-10-25,"5,894"
2010-10-26,"5,960"
2010-10-27,"7,185"
2010-10-28,"9,573"
2010-10-29,"17,935"
2010-10-30,"31,030"
2010-10-31,"44,145"
2010-11-01,"10,270"
2010-11-02,"5,891"
2010-11-03,"5,823"
2010-11-04,"8,362"
2010-11-05,"8,207"
2010-11-06,"21,883"
2010-11-07,"27,475"
2010-11-08,"1,729"
2010-11-09,"2,280"
2010-11-10,"2,789"
2010-11-11,"4,559"
2010-11-12,"3,629"
2010-11-13,"24,215"
2010-11-14,"16,538"
2010-11-15,"2,052"
2010-11-16,"1,889"
2010-11-17,"2,531"
2010-11-18,"4,045"
2010-11-19,"2,756"
2010-11-20,"11,238"
2010-11-21,"20,567"
2010-11-22,"1,986"
2010-11-23,"2,529"
2010-11-24,"2,593"
2010-11-25,"2,296"
2010-11-26,"1,656"
2010-11-27,"3,123"
2010-11-28,"4,134"
2010-11-29,"1,471"
2010-11-30,"1,654"
2010-12-01,"1,903"
2010-12-02,"1,732"
2010-12-03,"1,143"
2010-12-04,"4,260"
2010-12-05,"7,820"
2010-12-06,"1,468"
2010-12-07,"1,031"
2010-12-08,763
2010-12-09,"1,211"
2010-12-10,"1,011"
2010-12-11,"2,963"
2010-12-12,"3,103"
2010-12-13,999
2010-12-14,"1,470"
2010-12-15,577
2010-12-16,"1,199"
2010-12-17,"1,069"
2010-12-18,"3,582"
2010-12-19,"6,815"
2010-12-20,"2,033"
2010-12-21,"2,590"
2010-12-22,"2,639"
2010-12-23,"2,314"
2010-12-24,677
2010-12-25,"2,115"
2010-12-26,"1,966"
2010-12-27,"1,296"
2010-12-28,"1,028"
2010-12-29,"1,434"
2010-12-30,"1,136"
2010-12-31,979
2011-01-25,9
2011-01-26,783
2011-01-27,"2,245"
2011-01-28,731
2011-01-29,"1,598"
2011-01-30,"1,199"
2011-01-31,791
2011-02-01,"1,444"
2011-02-02,"3,630"
2011-02-03,"5,130"
2011-02-04,"7,884"
2011-02-05,"10,531"
2011-02-06,"5,323"
2011-02-07,"1,625"
2011-02-08,"1,844"
2011-02-09,"1,523"
2011-02-10,"2,239"
2011-02-11,"1,135"
2011-02-12,"3,136"
2011-02-13,"3,746"
2011-02-14,"1,291"
2011-02-15,"1,722"
2011-02-16,"1,764"
2011-02-17,"2,055"
2011-02-18,"2,286"
2011-02-19,"11,686"
2011-02-20,"19,086"
2011-02-21,"4,898"
2011-02-22,"5,817"
2011-02-23,"5,526"
2011-02-24,"7,224"
2011-02-25,"5,365"
2011-02-26,"16,950"
2011-02-27,627
2011-02-28,"2,306"
2011-03-01,"6,600"
2011-03-02,"1,570"
2011-03-03,"1,504"
2011-03-04,"1,575"
2011-03-05,"10,221"
2011-03-06,"25,084"
2011-03-07,"1,790"
2011-03-08,"1,691"
2011-03-09,"9,901"
2011-03-10,"2,028"
2011-03-11,"3,008"
2011-03-12,"36,780"
2011-03-13,"43,173"
2011-03-14,"1,910"
2011-03-15,"1,928"
2011-03-16,"1,290"
2011-03-17,"3,130"
2011-03-18,"3,568"
2011-03-19,"18,624"
2011-03-20,"4,317"
2011-03-21,"3,663"
2011-03-22,"2,074"
2011-03-23,"2,192"
2011-03-24,"2,515"
2011-03-25,"2,195"
2011-03-26,"25,766"
2011-03-27,"34,244"
2011-03-28,"1,823"
2011-03-29,"3,276"
2011-03-30,"5,076"
2011-03-31,"6,312"
2011-04-01,"9,078"
2011-04-02,"17,204"
2011-04-03,"46,119"
2011-04-04,"11,498"
2011-04-05,"10,443"
2011-04-06,"7,853"
2011-04-07,333
2011-04-08,"6,095"
2011-04-09,"50,096"
2011-04-10,"35,935"
2011-04-11,"9,104"
2011-04-12,"12,400"
2011-04-13,"13,926"
2011-04-14,"14,276"
2011-04-15,"10,067"
2011-04-16,"59,349"
2011-04-17,"67,784"
2011-04-18,"3,169"
2011-04-19,"19,647"
2011-04-20,"24,202"
2011-04-21,"26,664"
2011-04-22,"2,412"
2011-04-23,"56,941"
2011-04-24,"63,143"
2011-04-25,"16,661"
2011-04-26,"3,695"
2011-04-27,"15,837"
2011-04-28,"25,118"
2011-04-29,"27,271"
2011-04-30,"1,225"
2011-05-01,"12,546"
2011-05-02,"18,194"
2011-05-03,"15,422"
2011-05-04,"21,955"
2011-05-05,"115,002"
2011-05-06,"25,841"
2011-05-07,"25,171"
2011-05-08,"43,202"
2011-05-09,"8,676"
2011-05-10,"5,034"
2011-05-11,"3,412"
2011-05-12,"14,144"
2011-05-13,"24,611"
2011-05-14,"54,761"
2011-05-15,"45,333"
2011-05-16,"15,610"
2011-05-17,"19,872"
2011-05-18,"16,647"
2011-05-19,"15,572"
2011-05-20,"5,245"
2011-05-21,"12,142"
2011-05-22,"47,039"
2011-05-23,"9,087"
2011-05-24,"15,713"
2011-05-25,"14,813"
2011-05-26,"8,584"
2011-05-27,"22,782"
2011-05-28,"48,738"
2011-05-29,"44,564"
2011-05-30,"11,203"
2011-05-31,"16,139"
2011-06-01,"3,540"
2011-06-02,"13,377"
2011-06-03,"17,621"
2011-06-04,"36,159"
2011-06-05,"66,688"
2011-06-06,"65,788"
2011-06-07,"11,375"
2011-06-08,"13,557"
2011-06-09,"8,396"
2011-06-10,"17,176"
2011-06-11,"37,413"
2011-06-12,"31,213"
2011-06-13,"9,024"
2011-06-14,"13,611"
2011-06-15,"10,421"
2011-06-16,"10,502"
2011-06-17,"14,521"
2011-06-18,"25,954"
2011-06-19,"27,754"
2011-06-20,"5,476"
2011-06-21,"7,861"
2011-06-22,"3,179"
2011-06-23,560
2011-06-24,"2,163"
2011-06-25,"3,607"
2011-06-26,"1,621"
2011-06-27,"1,044"
2011-06-28,"7,291"
2011-06-29,"1,299"
2011-06-30,"1,235"
2011-07-01,"4,994"
2011-07-02,"16,771"
2011-07-03,776
2011-07-04,"3,644"
2011-07-05,"4,587"
2011-07-06,"5,805"
2011-07-07,"1,237"
2011-07-08,"8,547"
2011-07-09,"8,206"
2011-07-10,"12,341"
2011-07-11,842
2011-07-12,768
2011-07-13,"1,511"
2011-07-14,"1,117"
2011-07-15,"1,127"
2011-07-16,"3,622"
2011-07-17,"18,364"
2011-07-18,"4,840"
2011-07-19,"4,146"
2011-07-20,"4,056"
2011-07-21,"5,328"
2011-07-22,"5,748"
2011-07-23,"17,986"
2011-07-24,"12,838"
2011-07-25,"5,208"
2011-07-26,"6,064"
2011-07-27,248
2011-07-28,"1,114"
2011-07-29,"5,759"
2011-07-30,"22,158"
2011-07-31,"5,781"
2011-08-01,"22,839"
2011-08-02,"18,712"
2011-08-03,"11,154"
2011-08-04,"7,168"
2011-08-05,"13,864"
2011-08-06,"19,150"
2011-08-07,"15,129"
2011-08-08,886
2011-08-09,"5,176"
2011-08-10,"7,322"
2011-08-11,"8,234"
2011-08-12,"4,846"
2011-08-13,"6,945"
2011-08-14,"18,178"
2011-08-15,"25,996"
2011-08-16,"4,283"
2011-08-17,"2,434"
2011-08-18,"8,943"
2011-08-19,"7,341"
2011-08-20,"27,548"
2011-08-21,"33,452"
2011-08-22,"7,806"
2011-08-23,"7,932"
2011-08-24,"7,404"
2011-08-25,"7,533"
2011-08-26,"8,438"
2011-08-27,"25,448"
2011-08-28,"23,154"
2011-08-29,"6,059"
2011-08-30,"4,055"
2011-08-31,"9,177"
2011-09-01,"3,796"
2011-09-02,"3,980"
2011-09-03,"23,244"
2011-09-04,"29,738"
2011-09-05,"3,970"
2011-09-06,"4,687"
2011-09-07,"5,302"
2011-09-08,"3,786"
2011-09-09,"2,267"
2011-09-10,"18,570"
2011-09-11,"8,382"
2011-09-12,"33,315"
2011-09-13,"43,440"
2011-09-14,"18,206"
2011-09-15,"4,993"
2011-09-16,"6,662"
2011-09-17,"20,666"
2011-09-18,"35,575"
2011-09-19,"2,684"
2011-09-20,"8,113"
2011-09-21,"7,592"
2011-09-22,"9,957"
2011-09-23,"14,380"
2011-09-24,"48,389"
2011-09-25,"50,289"
2011-09-26,"6,219"
2011-09-27,"13,163"
2011-09-28,"11,012"
2011-09-29,"1,858"
2011-09-30,"16,527"
2011-10-01,"33,192"
2011-10-02,"66,850"
2011-10-03,"64,247"
2011-10-04,"10,181"
2011-10-05,"8,643"
2011-10-06,"14,797"
2011-10-07,"22,518"
2011-10-08,"38,670"
2011-10-09,"40,275"
2011-10-10,"9,261"
2011-10-11,"14,379"
2011-10-12,"16,263"
2011-10-13,"18,787"
2011-10-14,"13,038"
2011-10-15,"10,098"
2011-10-16,"24,657"
2011-10-17,"8,066"
2011-10-18,"11,742"
2011-10-19,"13,489"
2011-10-20,"18,055"
2011-10-21,"24,330"
2011-10-22,"41,650"
2011-10-23,"48,102"
2011-10-24,"6,039"
2011-10-25,"11,077"
2011-10-26,"6,122"
2011-10-27,"10,592"
2011-10-28,"11,401"
2011-10-29,"14,473"
2011-10-30,"54,059"
2011-10-31,"15,558"
2011-11-01,"11,148"
2011-11-02,"10,565"
2011-11-03,"10,413"
2011-11-04,"13,919"
2011-11-05,"21,982"
2011-11-06,"7,203"
2011-11-07,"4,958"
2011-11-08,"7,511"
2011-11-09,"5,209"
2011-11-10,"6,666"
2011-11-11,"6,494"
2011-11-12,"30,248"
2011-11-13,"28,933"
2011-11-14,"3,427"
2011-11-15,"3,326"
2011-11-16,"4,412"
2011-11-17,"3,625"
2011-11-18,"1,542"
2011-11-19,"8,809"
2011-11-20,"7,143"
2011-11-21,"1,727"
2011-11-22,"2,081"
2011-11-23,"1,528"
2011-11-24,"1,384"
2011-11-25,"1,985"
2011-11-26,"6,838"
2011-11-27,"5,054"
2011-11-28,"2,794"
2011-11-29,"1,472"
2011-11-30,463
2011-12-01,"2,045"
2011-12-02,"1,477"
2011-12-03,"4,723"
2011-12-04,"7,434"
2011-12-05,"1,427"
2011-12-06,"1,911"
2011-12-07,"1,749"
2011-12-08,"1,194"
2011-12-09,"1,237"
2011-12-10,"2,801"
2011-12-11,"4,524"
2011-12-12,"1,534"
2011-12-13,"2,275"
2011-12-14,"1,506"
2011-12-15,999
2011-12-16,660
2011-12-17,"2,443"
2011-12-18,"3,897"
2011-12-19,"1,210"
2011-12-20,"1,821"
2011-12-21,"1,675"
2011-12-22,847
2011-12-23,676
2011-12-24,"2,536"
2011-12-25,"3,162"
2011-12-26,"1,183"
2011-12-27,"1,382"
2011-12-28,"1,966"
2011-12-29,"2,409"
2011-12-30,"2,357"
2011-12-31,"4,860"
2012-01-01,"5,817"
2012-01-02,"1,693"
2012-01-03,"1,546"
2012-01-04,"1,146"
2012-01-05,"1,178"
2012-01-06,"4,129"
2012-01-07,"4,537"
2012-01-08,"5,124"
2012-01-09,"1,687"
2012-01-10,"1,641"
2012-01-11,"1,234"
2012-01-12,"1,481"
2012-01-13,"3,013"
2012-01-14,"5,214"
2012-01-15,"6,099"
2012-01-16,"1,973"
2012-01-17,"1,878"
2012-01-18,"2,142"
2012-01-19,"1,788"
2012-01-20,"2,073"
2012-01-21,"3,189"
2012-01-22,"1,924"
2012-01-23,"1,878"
2012-01-24,"2,555"
2012-01-25,"1,106"
2012-01-26,"1,645"
2012-01-27,"1,829"
2012-01-28,"5,521"
2012-01-29,"6,051"
2012-01-30,"1,337"
2012-01-31,"1,209"
2012-02-01,582
2012-02-02,348
2012-02-03,"1,594"
2012-02-04,"3,498"
2012-02-05,"6,058"
2012-02-06,"1,446"
2012-02-07,882
2012-02-08,599
2012-02-09,938
2012-02-10,"1,429"
2012-02-11,"4,820"
2012-02-12,"9,463"
2012-02-13,"5,650"
2012-02-14,"3,273"
2012-02-15,"2,157"
2012-02-16,"1,765"
2012-02-17,"1,100"
2012-02-18,"2,676"
2012-02-19,"4,782"
2012-02-20,"3,029"
2012-02-21,"2,956"
2012-02-22,"3,710"
2012-02-23,"2,769"
2012-02-24,"4,324"
2012-02-25,"8,463"
2012-02-26,"8,523"
2012-02-27,"3,608"
2012-02-28,"4,370"
2012-02-29,"6,226"
2012-03-01,"44,840"
2012-03-02,"1,821"
2012-03-03,"28,016"
2012-03-04,"19,505"
2012-03-05,"1,100"
2012-03-06,637
2012-03-07,"2,500"
2012-03-08,"1,949"
2012-03-09,"4,704"
2012-03-10,"18,714"
2012-03-11,"6,452"
2012-03-12,"1,241"
2012-03-13,"2,326"
2012-03-14,"2,099"
2012-03-15,"3,676"
2012-03-16,"1,860"
2012-03-17,"23,242"
2012-03-18,"32,991"
2012-03-19,"1,990"
2012-03-20,"2,058"
2012-03-21,"2,904"
2012-03-22,"2,081"
2012-03-23,"1,231"
2012-03-24,"6,946"
2012-03-25,"8,462"
2012-03-26,"2,439"
2012-03-27,"3,288"
2012-03-28,"4,041"
2012-03-29,"4,420"
2012-03-30,"2,694"
2012-03-31,"16,077"
2012-04-01,"17,488"
2012-04-02,"1,739"
2012-04-03,"1,051"
2012-04-04,"4,274"
2012-04-05,"4,718"
2012-04-06,"5,085"
2012-04-07,"19,488"
2012-04-08,"34,139"
2012-04-09,"7,192"
2012-04-10,"3,823"
2012-04-11,"26,040"
2012-04-12,"5,608"
2012-04-13,"8,164"
2012-04-14,"44,200"
2012-04-15,"54,060"
2012-04-16,"8,494"
2012-04-17,"14,044"
2012-04-18,"13,682"
2012-04-19,"16,815"
2012-04-20,"20,067"
2012-04-21,"2,712"
2012-04-22,"2,237"
2012-04-23,"9,313"
2012-04-24,"18,945"
2012-04-25,701
2012-04-26,"12,742"
2012-04-27,"18,126"
2012-04-28,"47,761"
2012-04-29,"55,424"
2012-04-30,"23,569"
2012-05-01,"39,330"
2012-05-02,"7,337"
2012-05-03,"14,741"
2012-05-04,"20,176"
2012-05-05,"65,214"
2012-05-06,"26,618"
2012-05-07,"7,122"
2012-05-08,"6,714"
2012-05-09,"10,484"
2012-05-10,"12,853"
2012-05-11,"16,390"
2012-05-12,"41,830"
2012-05-13,"30,496"
2012-05-14,"5,050"
2012-05-15,"9,973"
2012-05-16,"10,048"
2012-05-17,"8,856"
2012-05-18,"16,014"
2012-05-19,"35,780"
2012-05-20,"32,067"
2012-05-21,"9,871"
2012-05-22,"9,685"
2012-05-23,"11,842"
2012-05-24,"8,096"
2012-05-25,"15,412"
2012-05-26,"38,601"
2012-05-27,"52,636"
2012-05-28,"51,979"
2012-05-29,"9,658"
2012-05-30,"5,330"
2012-05-31,"9,733"
2012-06-01,"11,620"
2012-06-02,"33,738"
2012-06-03,"36,422"
2012-06-04,"8,195"
2012-06-05,"17,044"
2012-06-06,"48,921"
2012-06-07,"8,318"
2012-06-08,"10,673"
2012-06-09,"31,089"
2012-06-10,"25,517"
2012-06-11,"5,856"
2012-06-12,"8,273"
2012-06-13,"8,521"
2012-06-14,"9,094"
2012-06-15,"11,206"
2012-06-16,"21,483"
2012-06-17,"22,372"
2012-06-18,"5,432"
2012-06-19,"6,506"
2012-06-20,"5,712"
2012-06-21,"5,930"
2012-06-22,"8,983"
2012-06-23,"17,365"
2012-06-24,"17,037"
2012-06-25,"6,791"
2012-06-26,"4,732"
2012-06-27,"4,717"
2012-06-28,"4,714"
2012-06-29,"4,689"
2012-06-30,"2,910"
2012-07-01,"15,464"
2012-07-02,"3,163"
2012-07-03,"3,520"
2012-07-04,"5,461"
2012-07-05,961
2012-07-06,"4,206"
2012-07-07,"15,030"
2012-07-08,"13,563"
2012-07-09,"3,116"
2012-07-10,"3,217"
2012-07-11,"8,969"
2012-07-12,"4,469"
2012-07-13,"2,655"
2012-07-14,"5,660"
2012-07-15,"1,946"
2012-07-16,"4,417"
2012-07-17,"3,600"
2012-07-18,"1,755"
2012-07-19,990
2012-07-20,"3,787"
2012-07-21,"12,309"
2012-07-22,"8,049"
2012-07-23,"3,267"
2012-07-24,"3,793"
2012-07-25,"3,622"
2012-07-26,"3,333"
2012-07-27,"3,003"
2012-07-28,"8,388"
2012-07-29,"7,744"
2012-07-30,"5,254"
2012-07-31,"5,259"
2012-08-01,"5,076"
2012-08-02,"5,377"
2012-08-03,"5,822"
2012-08-04,"7,144"
2012-08-05,"5,100"
2012-08-06,"3,321"
2012-08-07,"2,609"
2012-08-08,"3,465"
2012-08-09,"3,435"
2012-08-10,"4,028"
2012-08-11,"11,868"
2012-08-12,"5,768"
2012-08-13,"5,171"
2012-08-14,"6,317"
2012-08-15,"1,255"
2012-08-16,"5,584"
2012-08-17,"6,081"
2012-08-18,"11,092"
2012-08-19,"10,595"
2012-08-20,"1,309"
2012-08-21,"3,237"
2012-08-22,"1,990"
2012-08-23,"4,391"
2012-08-24,"4,731"
2012-08-25,"13,225"
2012-08-26,"19,679"
2012-08-27,"3,138"
2012-08-29,"2,895"
2012-08-30,396
2012-08-31,"4,730"
2012-09-01,"22,648"
2012-09-02,"27,521"
2012-09-03,"4,232"
2012-09-04,"1,097"
2012-09-05,"3,831"
2012-09-06,"6,005"
2012-09-07,"7,813"
2012-09-08,"18,592"
2012-09-09,"27,160"
2012-09-10,"4,722"
2012-09-11,"6,598"
2012-09-12,"5,370"
2012-09-13,"1,425"
2012-09-14,"7,411"
2012-09-15,"28,041"
2012-09-16,"16,418"
2012-09-17,209
2012-09-18,"3,912"
2012-09-19,"6,314"
2012-09-20,"9,048"
2012-09-21,"10,436"
2012-09-22,"32,344"
2012-09-23,"36,857"
2012-09-24,"6,126"
2012-09-25,"6,571"
2012-09-26,"5,674"
2012-09-27,"8,493"
2012-09-28,"6,679"
2012-09-29,"14,455"
2012-09-30,"21,976"
2012-10-01,"52,926"
2012-10-02,"50,986"
2012-10-03,"52,395"
2012-10-04,"6,254"
2012-10-05,"13,571"
2012-10-06,"29,019"
2012-10-07,"33,572"
2012-10-08,"8,644"
2012-10-09,"11,344"
2012-10-10,"5,187"
2012-10-11,"13,439"
2012-10-12,"15,867"
2012-10-13,"33,248"
2012-10-14,"38,420"
2012-10-15,"7,833"
2012-10-16,"12,867"
2012-10-17,"7,694"
2012-10-18,"12,286"
2012-10-19,"23,074"
2012-10-20,"38,388"
2012-10-21,"42,638"
2012-10-22,"1,337"
2012-10-23,"8,223"
2012-10-24,"9,842"
2012-10-25,"18,785"
2012-10-26,"22,935"
2012-10-27,"3,409"
2012-10-28,"41,557"
2012-10-29,"7,544"
2012-10-30,"8,773"
2012-10-31,"5,983"
2012-11-01,"5,147"
2012-11-02,"10,361"
2012-11-03,"29,738"
2012-11-04,"8,366"
2012-11-05,"1,340"
2012-11-06,"2,186"
2012-11-07,"4,515"
2012-11-08,"5,671"
2012-11-09,"6,307"
2012-11-10,"21,613"
2012-11-11,"2,321"
2012-11-12,"1,726"
2012-11-13,"1,722"
2012-11-14,"2,390"
2012-11-15,"3,092"
2012-11-16,"1,788"
2012-11-17,"6,446"
2012-11-18,"10,178"
2012-11-19,"2,433"
2012-11-20,"1,864"
2012-11-21,"3,177"
2012-11-22,"1,944"
2012-11-23,"2,534"
2012-11-24,"6,376"
2012-11-25,"6,467"
2012-11-26,"1,064"
2012-11-27,"1,656"
2012-11-28,981
2012-11-29,"1,385"
2012-11-30,"1,582"
2012-12-01,"3,360"
2012-12-02,"5,401"
2012-12-03,776
2012-12-04,"1,027"
2012-12-05,875
2012-12-06,528
2012-12-07,466
2012-12-08,"1,052"
2012-12-09,"1,089"
2012-12-10,598
2012-12-11,840
2012-12-12,"1,237"
2012-12-13,"1,141"
2012-12-14,484
2012-12-15,"3,329"
2012-12-16,"4,495"
2012-12-17,"1,780"
2012-12-18,923
2012-12-19,"1,508"
2012-12-20,969
2012-12-21,"1,051"
2012-12-22,"2,352"
2012-12-23,"1,442"
2012-12-24,829
2012-12-25,"2,288"
2012-12-26,575
2012-12-27,987
2012-12-28,841
2012-12-29,"2,204"
2012-12-30,"1,686"
2012-12-31,"1,049"
2013-01-01,"2,097"
2013-01-02,673
2013-01-03,451
2013-01-04,616
2013-01-05,"1,970"
2013-01-06,"2,957"
2013-01-07,"1,199"
2013-01-08,"1,583"
2013-01-09,934
2013-01-10,819
2013-01-11,"1,276"
2013-01-12,"4,165"
2013-01-13,"5,566"
2013-01-14,"1,570"
2013-01-15,"1,599"
2013-01-16,"1,141"
2013-01-17,"1,170"
2013-01-18,"1,248"
2013-01-19,"5,815"
2013-01-20,"6,797"
2013-01-21,458
2013-01-22,"3,116"
2013-01-23,863
2013-01-24,"1,298"
2013-01-25,835
2013-01-26,"1,856"
2013-01-27,"2,039"
2013-01-28,"1,275"
2013-01-29,"1,464"
2013-01-30,"1,856"
2013-01-31,"3,046"
2013-02-01,350
2013-02-02,"5,473"
2013-02-03,"2,677"
2013-02-04,"1,258"
2013-02-05,"1,055"
2013-02-06,"1,272"
2013-02-07,425
2013-02-08,377
2013-02-09,896
2013-02-10,"1,832"
2013-02-11,"3,447"
2013-02-12,"1,939"
2013-02-13,"1,834"
2013-02-14,"2,150"
2013-02-15,"2,076"
2013-02-16,"5,482"
2013-02-17,"7,209"
2013-02-18,"1,771"
2013-02-19,"1,813"
2013-02-20,"1,364"
2013-02-21,"1,982"
2013-02-22,"1,633"
2013-02-23,"5,647"
2013-02-24,"9,533"
2013-02-25,"2,977"
2013-02-26,"2,416"
2013-02-27,"4,829"
2013-02-28,"5,913"
2013-03-01,"11,647"
2013-03-02,"11,432"
2013-03-03,"10,680"
2013-03-04,"2,033"
2013-03-05,"2,715"
2013-03-06,"3,338"
2013-03-07,"1,437"
2013-03-08,"3,044"
2013-03-09,"38,320"
2013-03-10,"16,287"
2013-03-11,"3,121"
2013-03-12,"3,790"
2013-03-13,"1,434"
2013-03-14,"2,670"
2013-03-15,"3,414"
2013-03-16,"32,405"
2013-03-17,"31,243"
2013-03-18,"3,195"
2013-03-19,"2,829"
2013-03-20,"1,336"
2013-03-21,"3,086"
2013-03-22,"2,017"
2013-03-23,"25,286"
2013-03-24,"28,783"
2013-03-25,"7,604"
2013-03-26,"3,469"
2013-03-27,"5,796"
2013-03-28,"3,869"
2013-03-29,"6,130"
2013-03-30,"23,882"
2013-03-31,"33,954"
2013-04-01,"5,412"
2013-04-02,912
2013-04-03,"6,150"
2013-04-04,"7,251"
2013-04-05,"12,548"
2013-04-06,"1,445"
2013-04-07,"13,905"
2013-04-08,"4,909"
2013-04-09,"3,719"
2013-04-10,"4,633"
2013-04-11,"4,800"
2013-04-12,"8,721"
2013-04-13,"57,059"
2013-04-14,"19,530"
2013-04-15,"4,893"
2013-04-16,"11,511"
2013-04-17,"15,079"
2013-04-18,"10,980"
2013-04-19,"29,835"
2013-04-20,"8,333"
2013-04-21,"65,931"
2013-04-22,"15,708"
2013-04-23,"7,362"
2013-04-24,"13,927"
2013-04-25,"6,709"
2013-04-26,"29,490"
2013-04-27,"49,301"
2013-04-28,"53,662"
2013-04-29,"3,405"
2013-04-30,"22,086"
2013-05-01,"43,219"
2013-05-02,"11,389"
2013-05-03,"16,032"
2013-05-04,"43,618"
2013-05-05,"66,905"
2013-05-06,"14,302"
2013-05-07,"11,663"
2013-05-08,"10,254"
2013-05-09,"11,841"
2013-05-10,"5,533"
2013-05-11,"47,683"
2013-05-12,"32,539"
2013-05-13,"10,904"
2013-05-14,"11,673"
2013-05-15,"14,760"
2013-05-16,"21,662"
2013-05-17,"60,949"
2013-05-18,"46,110"
2013-05-19,"13,057"
2013-05-20,"6,346"
2013-05-21,"10,063"
2013-05-22,"12,241"
2013-05-23,"10,575"
2013-05-24,"15,296"
2013-05-25,"31,139"
2013-05-26,"28,554"
2013-05-27,"2,234"
2013-05-28,"1,734"
2013-05-29,"3,851"
2013-05-30,"12,354"
2013-05-31,"21,289"
2013-06-01,"39,931"
2013-06-02,"40,679"
2013-06-03,"9,701"
2013-06-04,"10,446"
2013-06-05,"12,820"
2013-06-06,"48,790"
2013-06-07,"16,553"
2013-06-08,"28,753"
2013-06-09,"24,923"
2013-06-10,"6,606"
2013-06-11,"7,241"
2013-06-12,"2,887"
2013-06-13,"10,452"
2013-06-14,"11,218"
2013-06-15,"23,225"
2013-06-16,"24,358"
2013-06-17,"4,631"
2013-06-18,"1,000"
2013-06-19,"6,847"
2013-06-20,"7,758"
2013-06-21,"18,224"
2013-06-22,"17,769"
2013-06-23,"22,461"
2013-06-24,"5,688"
2013-06-25,"5,238"
2013-06-26,"5,253"
2013-06-27,"5,522"
2013-06-28,"5,100"
2013-06-29,"13,917"
2013-06-30,"11,628"
2013-07-01,"3,316"
2013-07-02,583
2013-07-03,"2,786"
2013-07-04,"2,234"
2013-07-05,"3,216"
2013-07-06,"11,423"
2013-07-07,"7,185"
2013-07-08,"2,202"
2013-07-09,"2,209"
2013-07-10,"2,272"
2013-07-11,"2,245"
2013-07-12,"1,457"
2013-07-13,"3,133"
2013-07-14,"2,439"
2013-07-15,"1,547"
2013-07-16,"2,856"
2013-07-17,"2,074"
2013-07-18,"3,080"
2013-07-19,"4,574"
2013-07-20,"11,980"
2013-07-21,"7,324"
2013-07-22,"1,608"
2013-07-23,918
2013-07-24,"3,203"
2013-07-25,"5,264"
2013-07-26,"5,254"
2013-07-27,"12,834"
2013-07-28,"5,146"
2013-07-29,"8,598"
2013-07-30,"8,902"
2013-07-31,"8,568"
2013-08-01,"11,465"
2013-08-02,"8,935"
2013-08-03,"12,508"
2013-08-04,"9,375"
2013-08-05,"4,730"
2013-08-06,"3,587"
2013-08-07,"4,816"
2013-08-08,"6,455"
2013-08-09,"4,380"
2013-08-10,"8,111"
2013-08-11,"9,444"
2013-08-12,"3,251"
2013-08-13,"3,549"
2013-08-14,"4,124"
2013-08-15,"11,294"
2013-08-16,"4,915"
2013-08-17,"11,383"
2013-08-18,"9,249"
2013-08-19,"3,142"
2013-08-20,"3,059"
2013-08-21,"4,813"
2013-08-22,"3,229"
2013-08-23,"2,562"
2013-08-24,"12,265"
2013-08-25,"14,808"
2013-08-26,"3,552"
2013-08-27,"3,809"
2013-08-28,"3,913"
2013-08-29,"1,008"
2013-08-30,"4,997"
2013-08-31,"24,555"
2013-09-01,"30,518"
2013-09-02,"4,799"
2013-09-03,"6,534"
2013-09-04,"5,091"
2013-09-05,"4,609"
2013-09-06,"5,420"
2013-09-07,"34,890"
2013-09-08,"38,214"
2013-09-09,"4,894"
2013-09-10,"4,582"
2013-09-11,"1,223"
2013-09-12,"7,845"
2013-09-13,799
2013-09-14,"6,259"
2013-09-15,"31,689"
2013-09-16,"5,137"
2013-09-17,"6,482"
2013-09-18,"19,190"
2013-09-19,"26,437"
2013-09-20,"50,833"
2013-09-21,"45,270"
2013-09-22,"28,608"
2013-09-23,"5,987"
2013-09-24,"1,303"
2013-09-25,"7,520"
2013-09-26,"10,850"
2013-09-27,"13,380"
2013-09-28,"23,852"
2013-09-29,"5,219"
2013-09-30,"12,192"
2013-10-01,"10,937"
2013-10-02,"9,831"
2013-10-03,"63,204"
2013-10-04,"21,064"
2013-10-05,"37,543"
2013-10-06,"36,737"
2013-10-07,"7,002"
2013-10-08,"4,744"
2013-10-09,"48,365"
2013-10-10,"14,253"
2013-10-11,"14,486"
2013-10-12,"30,836"
2013-10-13,"37,758"
2013-10-14,"10,337"
2013-10-15,"5,371"
2013-10-16,"9,996"
2013-10-17,"10,939"
2013-10-18,"24,535"
2013-10-19,"31,382"
2013-10-20,"36,204"
2013-10-21,"14,410"
2013-10-22,"14,291"
2013-10-23,"10,440"
2013-10-24,"16,423"
2013-10-25,"13,900"
2013-10-26,"27,073"
2013-10-27,"33,830"
2013-10-28,"8,894"
2013-10-29,"7,220"
2013-10-30,"7,399"
2013-10-31,"14,832"
2013-11-01,"11,255"
2013-11-02,"6,806"
2013-11-03,"25,140"
2013-11-04,"6,879"
2013-11-05,"7,218"
2013-11-06,"4,218"
2013-11-07,"7,804"
2013-11-08,"8,045"
2013-11-09,"13,537"
2013-11-10,"13,682"
2013-11-11,"2,918"
2013-11-12,"2,902"
2013-11-13,"3,516"
2013-11-14,"3,190"
2013-11-15,"4,444"
2013-11-16,"13,144"
2013-11-17,"5,514"
2013-11-18,"1,619"
2013-11-19,"1,468"
2013-11-20,"1,609"
2013-11-21,"1,650"
2013-11-22,"2,400"
2013-11-23,"8,255"
2013-11-24,"5,815"
2013-11-25,601
2013-11-26,"1,303"
2013-11-27,"1,352"
2013-11-28,"1,102"
2013-11-29,"1,192"
2013-11-30,"6,720"
2013-12-01,"7,720"
2013-12-02,"1,551"
2013-12-03,"1,508"
2013-12-04,"1,552"
2013-12-05,"1,091"
2013-12-06,122
2013-12-07,"6,103"
2013-12-08,"5,288"
2013-12-09,565
2013-12-10,"1,233"
2013-12-11,"1,333"
2013-12-12,"1,340"
2013-12-13,579
2013-12-14,"1,618"
2013-12-15,"2,217"
2013-12-16,906
2013-12-17,"1,235"
2013-12-18,"4,495"
2013-12-19,"1,128"
2013-12-20,762
2013-12-21,"2,257"
2013-12-22,"2,719"
2013-12-23,"1,612"
2013-12-24,"1,709"
2013-12-25,"6,505"
2013-12-26,"1,364"
2013-12-27,868
2013-12-28,"1,729"
2013-12-29,"2,633"
2013-12-30,"2,111"
2013-12-31,"2,548"
2014-01-01,"6,602"
2014-01-02,"2,740"
2014-01-03,"2,998"
2014-01-04,"7,559"
2014-01-05,"7,533"
2014-01-06,"2,167"
2014-01-07,"2,226"
2014-01-08,"2,024"
2014-01-09,876
2014-01-10,911
2014-01-11,"4,355"
2014-01-12,"5,008"
2014-01-13,"1,047"
2014-01-14,"1,460"
2014-01-15,"2,019"
2014-01-16,"3,304"
2014-01-17,"1,662"
2014-01-18,"5,379"
2014-01-19,"4,778"
2014-01-20,939
2014-01-21,878
2014-01-22,"1,382"
2014-01-23,"2,113"
2014-01-24,"1,892"
2014-01-25,"1,807"
2014-01-26,"5,800"
2014-01-27,"1,695"
2014-01-28,"1,588"
2014-01-29,"1,877"
2014-03-03,11
2014-03-04,"22,428"
2014-03-05,"1,619"
2014-03-06,"1,043"
2014-03-07,"3,892"
2014-03-08,"11,540"
2014-03-09,"7,990"
2014-03-10,"2,135"
2014-03-11,"2,208"
2014-03-12,"1,199"
2014-03-13,447
2014-03-14,2
2014-03-15,384
2014-03-16,427
2014-03-17,64
2014-03-18,141
2014-03-19,116
2014-03-20,104
2014-03-21,258
2014-03-22,766
2014-03-23,407
2014-03-24,82
2014-03-25,163
2014-03-26,199
2014-03-27,157
2014-03-28,329
2014-03-29,530
2014-03-30,579
2014-03-31,225
2014-04-01,452
2014-04-02,293
2014-04-03,171
2014-04-04,"5,744"
2014-04-05,"25,985"
2014-04-06,"36,555"
2014-04-07,"7,494"
2014-04-08,"8,030"
2014-04-09,"6,577"
2014-04-10,"7,334"
2014-04-11,"11,125"
2014-04-12,"32,878"
2014-04-13,"39,148"
2014-04-14,"14,644"
2014-04-15,"8,345"
2014-04-16,"5,638"
2014-04-17,"5,377"
2014-04-18,"9,782"
2014-04-19,"27,703"
2014-04-20,"38,182"
2014-04-21,"8,442"
2014-04-22,"7,371"
2014-04-23,"7,467"
2014-04-24,"6,733"
2014-04-25,"9,435"
2014-04-26,"36,848"
2014-04-27,"4,279"
2014-04-28,797
2014-04-29,"2,927"
2014-04-30,"13,112"
2014-05-01,"36,709"
2014-05-02,"17,881"
2014-05-03,"43,909"
2014-05-04,"44,140"
2014-05-05,"86,100"
2014-05-06,"46,041"
2014-05-07,"6,102"
2014-05-08,"6,203"
2014-05-09,"13,129"
2014-05-10,"36,589"
2014-05-11,"19,697"
2014-05-12,"4,102"
2014-05-13,"9,496"
2014-05-14,"9,777"
2014-05-15,"11,973"
2014-05-16,"13,646"
2014-05-17,"38,676"
2014-05-18,"42,275"
2014-05-19,"8,283"
2014-05-20,"8,489"
2014-05-21,"8,049"
2014-05-22,"11,018"
2014-05-23,"11,703"
2014-05-24,"38,945"
2014-05-25,"17,202"
2014-05-26,"8,583"
2014-05-27,"8,293"
2014-05-28,"9,605"
2014-05-29,"8,732"
2014-05-30,"12,482"
2014-05-31,"26,107"
2014-06-01,"26,239"
2014-06-02,"7,922"
2014-06-03,"2,335"
2014-06-04,"33,041"
2014-06-05,"17,905"
2014-06-06,"48,133"
2014-06-07,"37,017"
2014-06-08,"27,727"
2014-06-09,"5,665"
2014-06-10,"5,364"
2014-06-11,"5,124"
2014-06-12,"7,047"
2014-06-13,"8,663"
2014-06-14,"25,862"
2014-06-15,"25,615"
2014-06-16,"5,149"
2014-06-17,"4,802"
2014-06-18,"4,547"
2014-06-19,"6,205"
2014-06-20,"6,688"
2014-06-21,"16,213"
2014-06-22,"18,144"
2014-06-23,"2,751"
2014-06-24,"5,420"
2014-06-25,"5,603"
2014-06-26,"5,256"
2014-06-27,"5,158"
2014-06-28,"15,884"
2014-06-29,"20,557"
2014-06-30,"3,621"
2014-07-01,"3,277"
2014-07-02,"2,989"
2014-07-03,"1,515"
2014-07-04,"3,892"
2014-07-05,"14,159"
2014-07-06,"14,501"
2014-07-07,"6,747"
2014-07-08,"2,751"
2014-07-09,"1,873"
2014-07-10,"2,973"
2014-07-11,"2,796"
2014-07-12,"11,484"
2014-07-13,"12,456"
2014-07-14,"2,621"
2014-07-15,"4,005"
2014-07-16,"3,912"
2014-07-17,"2,587"
2014-07-18,"3,270"
2014-07-19,"9,041"
2014-07-20,"10,186"
2014-07-21,"3,774"
2014-07-22,"3,102"
2014-07-23,"1,297"
2014-07-24,"1,335"
2014-07-25,"1,955"
2014-07-26,"7,548"
2014-07-27,"14,282"
2014-07-28,"6,518"
2014-07-29,"7,075"
2014-07-30,"5,945"
2014-07-31,"7,921"
2014-08-01,"6,625"
2014-08-02,"9,590"
2014-08-03,"6,160"
2014-08-04,"4,467"
2014-08-05,"7,419"
2014-08-06,"4,746"
2014-08-07,"5,554"
2014-08-08,"7,811"
2014-08-09,"16,197"
2014-08-10,"14,742"
2014-08-11,"5,799"
2014-08-12,"5,780"
2014-08-13,"7,874"
2014-08-14,"33,238"
2014-08-15,"30,465"
2014-08-16,"23,733"
2014-08-17,"4,754"
2014-08-18,"2,126"
2014-08-19,"2,588"
2014-08-20,"5,064"
2014-08-21,757
2014-08-22,"8,450"
2014-08-23,"19,763"
2014-08-24,"18,589"
2014-08-25,"2,708"
2014-08-26,"3,988"
2014-08-27,"4,572"
2014-08-28,"3,750"
2014-08-29,"14,039"
2014-08-30,"18,664"
2014-08-31,"19,350"
2014-09-01,"3,329"
2014-09-02,"3,602"
2014-09-03,786
2014-09-04,"2,810"
2014-09-05,"5,953"
2014-09-06,"14,143"
2014-09-07,"12,863"
2014-09-08,"18,167"
2014-09-09,"32,905"
2014-09-10,"26,422"
2014-09-11,"4,242"
2014-09-12,"6,409"
2014-09-13,"22,847"
2014-09-14,"26,519"
2014-09-15,"3,765"
2014-09-16,"4,507"
2014-09-17,"5,154"
2014-09-18,"6,232"
2014-09-19,"7,899"
2014-09-20,"37,344"
2014-09-21,"25,895"
2014-09-22,"8,129"
2014-09-23,"5,534"
2014-09-24,"1,507"
2014-09-25,"8,064"
2014-09-26,"9,360"
2014-09-27,"24,450"
2014-09-28,"26,409"
2014-09-29,"3,145"
2014-09-30,"6,433"
2014-10-01,"8,402"
2014-10-02,"7,181"
2014-10-03,"40,605"
2014-10-04,"36,185"
2014-10-05,"28,617"
2014-10-06,"6,903"
2014-10-07,"10,676"
2014-10-08,"13,391"
2014-10-09,"42,235"
2014-10-10,"19,982"
2014-10-11,"28,762"
2014-10-12,"27,950"
2014-10-13,"5,973"
2014-10-14,"9,432"
2014-10-15,"8,592"
2014-10-16,"9,877"
2014-10-17,"15,581"
2014-10-18,"28,383"
2014-10-19,"27,645"
2014-10-20,"1,985"
2014-10-21,"2,440"
2014-10-22,"8,510"
2014-10-23,"9,534"
2014-10-24,"15,828"
2014-10-25,"30,181"
2014-10-26,"29,202"
2014-10-27,"7,060"
2014-10-28,"8,124"
2014-10-29,"9,058"
2014-10-30,"7,725"
2014-10-31,"6,459"
2014-11-01,"19,714"
2014-11-02,"18,952"
2014-11-03,"5,045"
2014-11-04,"10,967"
2014-11-05,"7,028"
2014-11-06,"5,168"
2014-11-07,"5,601"
2014-11-08,"16,186"
2014-11-09,"23,289"
2014-11-10,"4,439"
2014-11-11,"4,999"
2014-11-12,"2,818"
2014-11-13,"1,579"
2014-11-14,"8,590"
2014-11-15,"9,443"
2014-11-16,"9,207"
2014-11-17,"2,240"
2014-11-18,"2,269"
2014-11-19,"3,593"
2014-11-20,"2,242"
2014-11-21,"2,688"
2014-11-22,"3,874"
2014-11-23,"9,961"
2014-11-24,"1,698"
2014-11-25,"1,998"
2014-11-26,"1,999"
2014-11-27,"2,210"
2014-11-28,465
2014-11-29,"9,321"
2014-11-30,"1,555"
2014-12-01,696
2014-12-02,682
2014-12-03,792
2014-12-04,841
2014-12-05,"2,345"
2014-12-06,"1,702"
2014-12-07,"1,965"
2014-12-08,869
2014-12-09,"1,162"
2014-12-10,"1,113"
2014-12-11,"27,025"
2014-12-12,888
2014-12-13,"1,682"
2014-12-14,"1,943"
2014-12-15,790
2014-12-16,570
2014-12-17,468
2014-12-18,461
2014-12-19,789
2014-12-20,"1,548"
2014-12-21,"1,559"
2014-12-22,591
2014-12-23,"1,131"
2014-12-24,"1,318"
2014-12-25,"3,846"
2014-12-26,"1,354"
2014-12-27,"3,624"
2014-12-28,"3,543"
2014-12-29,"1,734"
2014-12-30,"1,688"
2014-12-31,"1,368"
2015-01-01,"1,645"
2015-01-02,"1,329"
2015-01-03,"3,388"
2015-01-04,"5,327"
2015-01-05,"1,614"
2015-01-06,"1,274"
2015-01-07,"1,010"
2015-01-08,"1,632"
2015-01-09,"1,363"
2015-01-10,"4,895"
2015-01-11,"4,515"
2015-01-12,"1,200"
2015-01-13,"1,664"
2015-01-14,"1,746"
2015-01-15,"3,868"
2015-01-16,917
2015-01-17,"3,341"
2015-01-18,"3,649"
2015-01-19,"1,219"
2015-01-20,"1,646"
2015-01-21,"1,698"
2015-01-22,"1,680"
2015-01-23,"1,692"
2015-01-24,"7,493"
2015-01-25,"2,864"
2015-01-26,"1,402"
2015-01-27,"1,508"
2015-01-28,"1,263"
2015-01-29,"1,261"
2015-01-30,"2,953"
2015-01-31,"3,256"
2015-02-01,"5,028"
2015-02-02,"1,671"
2015-02-03,"1,759"
2015-02-04,"1,588"
2015-02-05,"1,995"
2015-02-06,"1,401"
2015-02-07,"4,933"
2015-02-08,"1,328"
2015-02-09,593
2015-02-10,"1,136"
2015-02-11,"1,403"
2015-02-12,"1,194"
2015-02-13,"1,102"
2015-02-14,"3,983"
2015-02-15,"6,625"
2015-02-16,437
2015-02-17,952
2015-02-18,"2,390"
2015-02-19,"6,572"
2015-02-20,"15,466"
2015-02-21,"1,794"
2015-02-22,"3,656"
2015-02-23,"1,341"
2015-02-24,"2,596"
2015-02-25,"2,900"
2015-02-26,"2,159"
2015-02-27,"1,663"
2015-02-28,"5,427"
2015-03-01,"4,109"
2015-03-02,"1,971"
2015-03-03,788
2015-03-04,"1,158"
2015-03-05,"1,237"
2015-03-06,"2,095"
2015-03-07,"19,698"
2015-03-08,"26,998"
2015-03-09,"1,357"
2015-03-10,686
2015-03-11,"1,133"
2015-03-12,"1,663"
2015-03-13,"2,198"
2015-03-14,"24,635"
2015-03-15,"30,605"
2015-03-16,"3,557"
2015-03-17,"2,679"
2015-03-18,873
2015-03-19,"4,034"
2015-03-20,"4,331"
2015-03-21,"30,195"
2015-03-22,"19,734"
2015-03-23,"2,158"
2015-03-24,"2,399"
2015-03-25,"3,538"
2015-03-26,"3,689"
2015-03-27,"4,850"
2015-03-28,"33,828"
2015-03-29,"20,850"
2015-03-30,"4,037"
2015-03-31,"4,708"
2015-04-01,"4,088"
2015-04-02,"3,207"
2015-04-03,"4,839"
2015-04-04,"29,213"
2015-04-05,"8,336"
2015-04-06,"4,568"
2015-04-07,"3,818"
2015-04-08,"6,522"
2015-04-09,"8,421"
2015-04-10,"14,669"
2015-04-11,"50,450"
2015-04-12,"49,863"
2015-04-13,"6,341"
2015-04-14,"1,626"
2015-04-15,"9,428"
2015-04-16,"4,416"
2015-04-17,"13,389"
2015-04-18,"40,421"
2015-04-19,"2,121"
2015-04-20,"3,351"
2015-04-21,"12,335"
2015-04-22,"8,295"
2015-04-23,"11,365"
2015-04-24,"15,324"
2015-04-25,"36,151"
2015-04-26,"37,570"
2015-04-27,"6,812"
2015-04-28,"17,813"
2015-04-29,"3,435"
2015-04-30,"13,651"
2015-06-01,"7,019"
2015-06-02,"12,054"
2015-06-03,"4,729"
2015-06-04,"2,951"
2015-06-05,"1,999"
2015-06-06,"9,022"
2015-06-07,"7,379"
2015-06-08,"2,708"
2015-06-09,"3,034"
2015-06-10,"3,992"
2015-06-11,"2,170"
2015-06-12,"3,862"
2015-06-13,"6,313"
2015-06-14,"6,805"
2015-06-15,"2,260"
2015-06-16,"2,007"
2015-06-17,"2,365"
2015-06-18,"2,172"
2015-06-19,"2,171"
2015-06-20,"2,071"
2015-06-21,"10,712"
2015-06-22,"2,774"
2015-06-23,"2,611"
2015-06-24,"2,538"
2015-06-25,"2,483"
2015-06-26,"1,145"
2015-06-27,"10,781"
2015-06-28,"9,793"
2015-06-29,"2,357"
2015-06-30,"1,843"
2015-07-01,"2,485"
2015-07-02,"2,812"
2015-07-03,"3,022"
2015-07-04,"11,113"
2015-07-05,"10,917"
2015-07-06,"2,489"
2015-07-07,"2,884"
2015-07-08,"1,879"
2015-07-09,"2,418"
2015-07-10,"2,499"
2015-07-11,"6,104"
2015-07-12,"1,484"
2015-07-13,584
2015-07-14,"2,772"
2015-07-15,"2,251"
2015-07-16,"2,963"
2015-07-17,"2,888"
2015-07-18,"11,270"
2015-07-19,"10,166"
2015-07-20,"2,440"
2015-07-21,"1,768"
2015-07-22,"1,879"
2015-07-23,"1,616"
2015-07-24,608
2015-07-25,"3,147"
2015-07-26,"8,826"
2015-07-27,"3,942"
2015-07-28,"4,376"
2015-07-29,"2,020"
2015-07-30,"4,851"
2015-07-31,"4,272"
2015-08-01,"8,585"
2015-08-02,"7,877"
2015-08-03,"6,108"
2015-08-04,"5,668"
2015-08-05,"4,235"
2015-08-06,"2,929"
2015-08-07,"3,731"
2015-08-08,"6,501"
2015-08-09,"6,735"
2015-08-10,"2,939"
2015-08-11,"3,807"
2015-08-12,"3,210"
2015-08-13,"3,119"
2015-08-14,"9,976"
2015-08-15,"14,240"
2015-08-16,"8,249"
2015-08-17,"3,432"
2015-08-18,"3,101"
2015-08-19,"3,198"
2015-08-20,"2,746"
2015-08-21,"2,733"
2015-08-22,"12,492"
2015-08-23,"12,845"
2015-08-24,"2,677"
2015-08-25,838
2015-08-26,"21,211"
2015-08-27,"3,632"
2015-08-28,"3,756"
2015-08-29,"17,979"
2015-08-30,"18,031"
2015-08-31,"2,813"
2015-09-01,"4,479"
2015-09-02,"2,204"
2015-09-03,"3,182"
2015-09-04,"4,613"
2015-09-05,"6,965"
2015-09-06,"24,287"
2015-09-07,"3,906"
2015-09-08,"4,161"
2015-09-09,"3,880"
2015-09-10,"4,300"
2015-09-11,"5,033"
2015-09-12,"19,054"
2015-09-13,"30,453"
2015-09-14,"5,641"
2015-09-15,"4,043"
2015-09-16,"5,744"
2015-09-17,"9,099"
2015-09-18,"7,586"
2015-09-19,"26,975"
2015-09-20,"23,842"
2015-09-21,"3,565"
2015-09-22,"7,086"
2015-09-23,"4,314"
2015-09-24,"4,560"
2015-09-25,"5,704"
2015-09-26,"16,847"
2015-09-27,"18,146"
2015-09-28,"38,505"
2015-09-29,"31,812"
2015-09-30,"6,033"
2015-10-01,857
2015-10-02,"8,691"
2015-10-03,"30,021"
2015-10-04,"23,913"
2015-10-05,"4,422"
2015-10-06,"6,578"
2015-10-07,"7,193"
2015-10-08,"13,876"
2015-10-09,"41,253"
2015-10-10,"10,186"
2015-10-11,"6,317"
2015-10-12,"4,674"
2015-10-13,"9,996"
2015-10-14,"8,321"
2015-10-15,"8,455"
2015-10-16,"14,617"
2015-10-17,"28,791"
2015-10-18,"27,619"
2015-10-19,"6,675"
2015-10-20,"8,228"
2015-10-21,"7,268"
2015-10-22,"6,518"
2015-10-23,"10,118"
2015-10-24,"21,660"
2015-10-25,"35,278"
2015-10-26,"5,181"
2015-10-27,"3,014"
2015-10-28,"7,233"
2015-10-29,"5,077"
2015-10-30,"5,600"
2015-10-31,"14,047"
2015-11-01,"14,286"
2015-11-02,"8,630"
2015-11-03,"9,645"
2015-11-04,"5,646"
2015-11-05,"5,086"
2015-11-06,"5,560"
2015-11-07,"1,724"
2015-11-08,"1,536"
2015-11-09,"1,847"
2015-11-10,"3,437"
2015-11-11,"4,022"
2015-11-12,"5,650"
2015-11-13,"1,286"
2015-11-14,"7,064"
2015-11-15,"20,030"
2015-11-16,"2,134"
2015-11-17,"3,096"
2015-11-18,"1,174"
2015-11-19,"2,796"
2015-11-20,"2,400"
2015-11-21,"13,298"
2015-11-22,"12,375"
2015-11-23,973
2015-11-24,"1,697"
2015-11-25,"1,245"
2015-11-26,"1,354"
2015-11-27,"1,372"
2015-11-28,"2,644"
2015-11-29,"1,340"
2015-11-30,"1,369"
2015-12-01,"1,728"
2015-12-02,348
2015-12-03,523
2015-12-04,"1,315"
2015-12-05,"3,736"
2015-12-06,"4,083"
2015-12-07,"1,192"
2015-12-08,"1,626"
2015-12-09,"1,392"
2015-12-10,842
2015-12-11,"1,495"
2015-12-12,"5,972"
2015-12-13,"8,514"
2015-12-14,915
2015-12-15,"1,117"
2015-12-16,"1,029"
2015-12-17,821
2015-12-18,694
2015-12-19,"3,008"
2015-12-20,"3,456"
2015-12-21,683
2015-12-22,"1,494"
2015-12-23,"1,078"
2015-12-24,"1,404"
2015-12-25,"4,636"
2015-12-26,"3,547"
2015-12-27,"2,007"
2015-12-28,888
2015-12-29,"1,170"
2015-12-30,"22,176"
2015-12-31,"1,281"
2016-01-01,"4,382"
2016-01-02,"7,265"
2016-01-03,"4,557"
2016-01-04,"1,690"
2016-01-05,"1,256"
2016-01-06,"1,174"
2016-01-07,"1,044"
2016-01-08,926
2016-01-09,"2,640"
2016-01-10,"3,604"
2016-01-11,996
2016-01-12,"1,642"
2016-01-13,"1,007"
2016-01-14,872
2016-01-15,"1,047"
2016-01-16,"2,997"
2016-01-17,"3,448"
2016-01-18,808
2016-01-19,300
2016-01-20,422
2016-01-21,627
2016-01-22,586
2016-01-23,890
2016-01-24,324
2016-01-25,422
2016-01-26,758
2016-01-27,"1,218"
2016-01-28,"1,146"
2016-01-29,"1,777"
2016-01-30,"4,128"
2016-01-31,"2,584"
2016-02-01,"3,746"
2016-02-02,"2,927"
2016-02-03,"1,130"
2016-02-04,"1,120"
2016-02-05,840
2016-02-06,"2,058"
2016-02-07,"2,128"
2016-02-08,"3,221"
2016-02-09,"7,060"
2016-02-10,"9,949"
2016-02-11,"3,098"
2016-02-12,357
2016-02-13,"2,742"
2016-02-14,"2,042"
2016-02-15,696
2016-02-16,994
2016-02-17,"1,429"
2016-02-18,"1,622"
2016-02-19,"1,630"
2016-02-20,"6,626"
2016-02-21,"5,102"
2016-02-22,"1,398"
2016-02-23,"1,726"
2016-02-24,"1,333"
2016-02-25,"1,538"
2016-02-26,"2,519"
2016-02-27,"6,519"
2016-02-28,"4,970"
2016-02-29,"1,233"
2016-03-01,"4,507"
2016-03-02,"2,146"
2016-03-03,"1,783"
2016-03-04,"2,783"
2016-03-05,"1,405"
2016-03-06,"11,564"
2016-03-07,"1,480"
2016-03-08,"11,521"
2016-03-09,"1,255"
2016-03-10,"1,184"
2016-03-11,"2,305"
2016-03-12,"7,460"
2016-03-13,"6,352"
2016-03-14,"2,385"
2016-03-15,"2,541"
2016-03-16,"2,697"
2016-03-17,"2,529"
2016-03-18,"2,836"
2016-03-19,"33,131"
2016-03-20,"34,360"
2016-03-21,"3,537"
2016-03-22,"3,338"
2016-03-23,"2,787"
2016-03-24,"2,438"
2016-03-25,"3,291"
2016-03-26,"21,748"
2016-03-27,"30,489"
2016-03-28,"4,136"
2016-03-29,"2,248"
2016-03-30,"4,857"
2016-03-31,"4,758"
2016-04-01,"7,537"
2016-04-02,"37,787"
2016-04-03,"9,952"
2016-04-04,"6,813"
2016-04-05,"7,452"
2016-04-06,"9,032"
2016-04-07,"5,013"
2016-04-08,"11,370"
2016-04-09,"32,879"
2016-04-10,"33,139"
2016-04-11,"11,313"
2016-04-12,"12,028"
2016-04-13,"26,405"
2016-04-14,"7,079"
2016-04-15,"14,228"
2016-04-16,"14,154"
2016-04-17,"14,205"
2016-04-18,"5,862"
2016-04-19,"12,051"
2016-04-20,"6,493"
2016-04-21,"3,489"
2016-04-22,"9,794"
2016-04-23,"14,361"
2016-04-24,"19,642"
2016-04-25,"19,979"
2016-04-26,"11,099"
2016-04-27,"9,335"
2016-04-28,"11,151"
2016-04-29,"15,084"
2016-04-30,"21,736"
2016-05-01,"31,290"
2016-05-02,"7,756"
2016-05-03,754
2016-05-04,"11,015"
2016-05-05,"58,688"
2016-05-06,"8,162"
2016-05-07,"26,612"
2016-05-08,"19,719"
2016-05-09,"6,883"
2016-05-10,"2,258"
2016-05-11,"7,812"
2016-05-12,"17,015"
2016-05-13,"17,536"
2016-05-14,"33,879"
2016-05-15,"14,485"
2016-05-16,"5,422"
2016-05-17,"8,423"
2016-05-18,"7,567"
2016-05-19,"10,067"
2016-05-20,"23,976"
2016-05-21,"24,125"
2016-05-22,"19,183"
2016-05-23,"5,807"
2016-05-24,"4,843"
2016-05-25,"8,512"
2016-05-26,"11,009"
2016-05-27,"13,374"
2016-05-28,"30,005"
2016-05-29,"30,541"
2016-05-30,"6,632"
2016-05-31,"8,769"
2016-06-01,"7,759"
2016-06-02,"11,292"
2016-06-03,"12,877"
2016-06-04,"33,802"
2016-06-05,"41,743"
2016-06-06,"39,271"
2016-06-07,"7,333"
2016-06-08,"6,171"
2016-06-09,"5,514"
2016-06-10,"8,010"
2016-06-11,"15,784"
2016-06-12,"14,106"
2016-06-13,"3,884"
2016-06-14,"3,647"
2016-06-15,846
2016-06-16,"4,572"
2016-06-17,"4,479"
2016-06-18,"13,938"
2016-06-19,"12,939"
2016-06-20,"4,391"
2016-06-21,"2,767"
2016-06-22,"1,610"
2016-06-23,"3,664"
2016-06-24,"1,505"
2016-06-25,"13,799"
2016-06-26,"13,252"
2016-06-27,"3,038"
2016-06-28,"2,618"
2016-06-29,"2,438"
2016-06-30,"2,357"
2016-07-01,"2,712"
2016-07-02,"9,126"
2016-07-03,"10,843"
2016-07-04,677
2016-07-05,255
2016-07-06,"1,843"
2016-07-07,"2,035"
2016-07-08,"3,098"
2016-07-09,"5,459"
2016-07-10,"4,688"
2016-07-11,"1,587"
2016-07-12,"11,688"
2016-07-13,"4,057"
2016-07-14,"2,097"
2016-07-15,"3,112"
2016-07-16,"1,002"
2016-07-17,"9,518"
2016-07-18,"2,853"
2016-07-19,"2,267"
2016-07-20,"1,708"
2016-07-21,"1,839"
2016-07-22,"1,400"
2016-07-23,"4,251"
2016-07-24,"4,628"
2016-07-25,"2,032"
2016-07-26,"1,860"
2016-07-27,"1,462"
2016-07-28,"2,383"
2016-07-29,"5,240"
2016-07-30,"6,092"
2016-07-31,"5,155"
2016-08-01,"4,450"
2016-08-02,"4,359"
2016-08-03,"3,018"
2016-08-04,"1,683"
2016-08-05,"1,766"
2016-08-06,"3,029"
2016-08-07,"2,586"
2016-08-08,"1,118"
2016-08-09,"1,188"
2016-08-10,"1,198"
2016-08-11,"1,106"
2016-08-12,"1,222"
2016-08-13,"3,177"
2016-08-14,"6,159"
2016-08-15,"4,256"
2016-08-16,"1,428"
2016-08-17,"1,454"
2016-08-18,"11,359"
2016-08-19,"5,345"
2016-08-20,"5,468"
2016-08-21,"4,429"
2016-08-22,"1,088"
2016-08-23,"1,146"
2016-08-24,"1,336"
2016-08-25,"1,289"
2016-08-26,"2,575"
2016-08-27,"19,035"
2016-08-28,"18,218"
2016-08-29,"3,636"
2016-08-30,"3,382"
2016-08-31,"20,690"
2016-09-01,"2,725"
2016-09-02,"2,884"
2016-09-03,"19,980"
2016-09-04,"19,815"
2016-09-05,"2,784"
2016-09-06,"2,806"
2016-09-07,"2,568"
2016-09-08,"1,717"
2016-09-09,"8,865"
2016-09-10,"16,066"
2016-09-11,"19,518"
2016-09-12,"2,976"
2016-09-13,"4,363"
2016-09-14,"11,712"
2016-09-15,"17,941"
2016-09-16,"32,719"
2016-09-17,"19,920"
2016-09-18,"21,560"
2016-09-19,"3,360"
2016-09-20,"4,447"
2016-09-21,"3,825"
2016-09-22,"4,565"
2016-09-23,"5,709"
2016-09-24,"23,547"
2016-09-25,"21,160"
2016-09-26,"3,713"
2016-09-27,"1,483"
2016-09-28,"4,026"
2016-09-29,"5,586"
2016-09-30,"7,872"
2016-10-01,"27,694"
2016-10-02,"1,857"
2016-10-03,"30,759"
2016-10-04,"17,225"
2016-10-05,"4,904"
2016-10-06,"8,778"
2016-10-07,"8,665"
2016-10-08,"16,488"
2016-10-09,"23,046"
2016-10-10,"4,613"
2016-10-11,"9,394"
2016-10-12,"5,885"
2016-10-13,"8,678"
2016-10-14,"11,883"
2016-10-15,"23,584"
2016-10-16,"8,506"
2016-10-17,"5,074"
2016-10-18,"8,224"
2016-10-19,"8,681"
2016-10-20,"8,095"
2016-10-21,"11,299"
2016-10-22,"28,301"
2016-10-23,"14,427"
2016-10-24,"8,377"
2016-10-25,"2,591"
2016-10-26,"6,884"
2016-10-27,"7,301"
2016-10-28,"6,538"
2016-10-29,"15,346"
2016-10-30,"17,706"
2016-10-31,"2,096"
2016-11-01,"2,305"
2016-11-02,"7,520"
2016-11-03,"3,254"
2016-11-04,"4,834"
2016-11-05,"14,380"
2016-11-06,"19,529"
2016-11-07,"5,735"
2016-11-08,"2,570"
2016-11-09,"2,630"
2016-11-10,"1,928"
2016-11-11,"3,662"
2016-11-12,"13,925"
2016-11-13,"13,407"
2016-11-14,"1,819"
2016-11-15,"2,205"
2016-11-16,"2,019"
2016-11-17,"3,480"
2016-11-18,"2,356"
2016-11-19,"9,936"
2016-11-20,"24,388"
2016-11-21,"2,231"
2016-11-22,"1,433"
2016-11-23,"1,021"
2016-11-24,881
2016-11-25,"1,817"
2016-11-26,"2,325"
2016-11-27,"3,815"
2016-11-28,"1,180"
2016-11-29,"1,237"
2016-11-30,978
2016-12-01,"1,483"
2016-12-02,"1,224"
2016-12-03,"5,705"
2016-12-04,"4,360"
2016-12-05,952
2016-12-06,997
2016-12-07,"1,314"
2016-12-08,"1,090"
2016-12-09,"1,245"
2016-12-10,"2,386"
2016-12-11,"3,222"
2016-12-12,"1,043"
2016-12-13,"1,312"
2016-12-14,930
2016-12-15,698
2016-12-16,565
2016-12-17,"2,403"
2017-03-28,2
2017-03-29,7
2017-03-30,"2,369"
2017-03-31,"1,299"
2017-04-01,"17,070"
2017-04-02,"32,457"
2017-04-03,"3,032"
2017-04-04,"3,576"
2017-04-05,"1,067"
2017-04-06,"1,603"
2017-04-07,"6,248"
2017-04-08,"40,887"
2017-04-09,"39,359"
2017-04-10,"7,589"
2017-04-11,"7,035"
2017-04-12,"7,538"
2017-04-13,"7,727"
2017-04-14,"3,058"
2017-04-15,"31,747"
2017-04-16,"37,119"
2017-04-17,"2,046"
2017-04-18,"2,864"
2017-04-19,"17,909"
2017-04-20,"3,430"
2017-04-21,"7,265"
2017-04-22,"30,798"
2017-04-23,"40,116"
2017-04-24,"6,026"
2017-04-25,"5,660"
2017-04-26,"7,375"
2017-04-27,"7,641"
2017-04-28,"9,533"
2017-04-29,"21,481"
2017-04-30,"26,596"
2017-05-01,"23,136"
2017-05-02,"13,938"
2017-05-03,"30,998"
2017-05-04,"25,285"
2017-05-05,"46,264"
2017-05-06,"9,915"
2017-05-07,"7,630"
2017-05-08,"3,876"
2017-05-09,"3,997"
2017-05-10,"4,585"
2017-05-11,"5,814"
2017-05-12,"18,841"
2017-05-13,"7,908"
2017-05-14,"31,381"
2017-05-15,"6,424"
2017-05-16,"6,234"
2017-05-17,"6,530"
2017-05-18,"8,462"
2017-05-19,"12,305"
2017-05-20,"22,972"
2017-05-21,"24,708"
2017-05-22,"4,876"
2017-05-23,"5,384"
2017-05-24,"6,338"
2017-05-25,"7,842"
2017-05-26,"12,687"
2017-05-27,"33,795"
2017-05-28,"39,195"
2017-05-29,"7,267"
2017-05-30,"8,825"
2017-05-31,"6,836"
2017-06-01,"9,190"
2017-06-02,"10,915"
2017-06-03,"33,239"
2017-06-04,"36,290"
2017-06-05,"18,592"
2017-06-06,"22,602"
2017-06-07,"1,871"
2017-06-08,"23,381"
2017-06-09,"15,512"
2017-06-10,"21,501"
2017-06-11,"23,498"
2017-06-12,"3,589"
2017-06-13,"3,915"
2017-06-14,"4,146"
2017-06-15,"6,991"
2017-06-16,"3,307"
2017-06-17,"10,224"
2017-06-18,"8,647"
2017-06-19,"2,163"
2017-06-20,"2,530"
2017-06-21,"2,201"
2017-06-22,"12,935"
2017-06-23,"2,122"
2017-06-24,"6,202"
2017-06-25,"6,163"
2017-06-26,"1,272"
2017-06-27,"2,243"
2017-06-28,"2,113"
2017-06-29,"2,120"
2017-06-30,"2,103"
2017-07-01,"7,808"
2017-07-02,"1,443"
2017-07-03,807
2017-07-04,"1,715"
2017-07-05,"1,349"
2017-07-06,"1,251"
2017-07-07,870
2017-07-08,"1,700"
2017-07-09,"3,440"
2017-07-10,338
2017-07-11,"1,480"
2017-07-12,"1,597"
2017-07-13,"1,176"
2017-07-14,"1,349"
2017-07-15,"1,935"
2017-07-16,"4,589"
2017-07-17,"1,188"
2017-07-18,"1,458"
2017-07-19,"1,180"
2017-07-20,931
2017-07-21,"1,076"
2017-07-22,"2,501"
2017-07-23,696
2017-07-24,696
2017-07-25,"1,318"
2017-07-26,"1,267"
2017-07-27,"10,889"
2017-07-28,772
2017-07-29,"5,834"
2017-07-30,"5,761"
2017-07-31,"1,771"
2017-08-01,"3,932"
2017-08-02,"1,976"
2017-08-03,"1,923"
2017-08-04,"2,164"
2017-08-05,"2,745"
2017-08-06,"2,350"
2017-08-07,"1,236"
2017-08-08,"1,504"
2017-08-09,"1,601"
2017-08-10,943
2017-08-11,"1,903"
2017-08-12,"6,396"
2017-08-13,"10,371"
2017-08-14,"1,847"
2017-08-15,831
2017-08-16,"2,011"
2017-08-17,"1,883"
2017-08-18,"2,773"
2017-08-19,"10,675"
2017-08-20,"1,453"
2017-08-21,"4,392"
2017-08-22,"2,413"
2017-08-23,724
2017-08-24,572
2017-08-25,"2,284"
2017-08-26,"14,474"
2017-08-27,"16,798"
2017-08-28,"1,469"
2017-08-29,"3,436"
2017-08-30,"2,860"
2017-08-31,"3,217"
2017-09-01,"3,429"
2017-09-02,"23,313"
2017-09-03,"23,991"
2017-09-04,"2,911"
2017-09-05,"2,184"
2017-09-06,"1,803"
2017-09-07,"4,453"
2017-09-08,"4,176"
2017-09-09,"17,303"
2017-09-10,"16,529"
2017-09-11,"10,956"
2017-09-12,"3,800"
2017-09-13,"3,875"
2017-09-14,"3,009"
2017-09-15,"5,715"
2017-09-16,"20,881"
2017-09-17,"21,699"
2017-09-18,"4,196"
2017-09-19,"2,313"
2017-09-20,"6,149"
2017-09-21,"4,800"
2017-09-22,"7,283"
2017-09-23,"17,515"
2017-09-24,"14,520"
2017-09-25,"2,522"
2017-09-26,"3,580"
2017-09-27,"2,494"
2017-09-28,"4,031"
2017-09-29,"6,538"
2017-09-30,"12,712"
2017-10-01,"6,413"
2017-10-02,"21,387"
2017-10-03,"16,489"
2017-10-04,"19,220"
2017-10-05,"32,576"
2017-10-06,"20,948"
2017-10-07,"32,091"
2017-10-08,"29,251"
2017-10-09,"21,174"
2017-10-10,"2,304"
2017-10-11,"2,107"
2017-10-12,"3,902"
2017-10-13,"6,403"
2017-10-14,"16,985"
2017-10-15,"19,657"
2017-10-16,"6,706"
2017-10-17,"14,032"
2017-10-18,"5,007"
2017-10-19,"5,915"
2017-10-20,"10,375"
2017-10-21,"22,658"
2017-10-22,"25,073"
2017-10-23,"4,545"
2017-10-24,"19,454"
2017-10-25,"4,625"
2017-10-26,"5,123"
2017-10-27,"8,431"
2017-10-28,"26,879"
2017-10-29,"19,514"
2017-10-30,"3,338"
2017-10-31,"5,768"
2017-11-01,"3,363"
2017-11-02,"2,669"
2017-11-03,"3,156"
2017-11-04,"12,087"
2017-11-05,"12,762"
2017-11-06,"3,340"
2017-11-07,"3,494"
2017-11-08,"2,653"
2017-11-09,"3,089"
2017-11-10,"2,353"
2017-11-11,"8,008"
2017-11-12,"9,312"
2017-11-13,"1,611"
2017-11-14,"2,003"
2017-11-15,"1,404"
2017-11-16,"1,245"
2017-11-17,"1,388"
2017-11-18,"2,759"
2017-11-19,"1,918"
2017-11-20,857
2017-11-21,"1,581"
2017-11-22,"1,041"
2017-11-23,"1,927"
2017-11-24,747
2017-11-25,"1,384"
2017-11-26,"2,487"
2017-11-27,"1,072"
2017-11-28,"1,139"
2017-11-29,795
2017-11-30,"11,318"
2017-12-01,718
2017-12-02,"2,168"
2017-12-03,"1,991"
2017-12-04,719
2017-12-05,630
2017-12-06,721
2017-12-07,911
2017-12-08,643
2017-12-09,"1,792"
2017-12-10,"1,024"
2017-12-11,479
2017-12-12,324
2017-12-13,462
2017-12-14,761
2017-12-15,627
2017-12-16,"1,206"
2017-12-17,996
2017-12-18,420
2017-12-19,657
2017-12-20,"2,985"
2017-12-21,653
2017-12-22,804
2017-12-23,"1,910"
2017-12-24,403
2017-12-25,"2,028"
2017-12-26,772
2017-12-27,488
2017-12-28,778
2017-12-29,853
2017-12-30,"1,520"
2017-12-31,"1,868"
2018-01-01,"2,316"
2018-01-02,988
2018-01-03,694
2018-01-04,671
2018-01-05,758
2018-01-06,"1,935"
2018-01-07,"1,881"
2018-01-08,634
2018-01-09,523
2018-01-10,382
2018-01-11,312
2018-01-12,228
2018-01-13,"1,015"
2018-01-14,"1,654"
2018-01-15,645
2018-01-16,699
2018-01-17,631
2018-01-18,"1,503"
2018-01-19,918
2018-01-20,"2,083"
2018-01-21,"2,123"
2018-01-22,852
2018-01-23,363
2018-01-24,128
2018-01-25,162
2018-01-26,222
2018-01-27,655
2018-01-28,962
2018-01-29,409
2018-01-30,"9,660"
2018-01-31,585
2018-02-01,679
2018-02-02,704
2018-02-03,"1,049"
2018-02-04,790
2018-02-05,348
2018-02-06,369
2018-02-07,418
2018-02-08,724
2018-02-09,657
2018-02-10,"1,861"
2018-02-11,"1,159"
2018-02-12,499
2018-02-13,725
2018-02-14,810
2018-02-15,"1,765"
2018-02-16,"3,007"
2018-02-17,"3,590"
2018-02-18,"3,370"
2018-02-19,"1,558"
2018-02-20,"1,243"
2018-02-21,"1,169"
2018-02-22,"1,348"
2018-02-23,"1,079"
2018-02-24,"3,362"
2018-02-25,"6,139"
2018-02-26,"2,252"
2018-02-27,"1,517"
2018-02-28,626
2018-03-01,"3,290"
2018-03-02,"1,500"
2018-03-03,"14,540"
2018-03-04,"3,619"
2018-03-05,"1,049"
2018-03-06,"1,751"
2018-03-07,"1,434"
2018-03-08,604
2018-03-09,"1,366"
2018-03-10,"10,723"
2018-03-11,"14,512"
2018-03-12,"1,555"
2018-03-13,"1,819"
2018-03-14,"3,032"
2018-03-15,390
2018-03-16,"2,101"
2018-03-17,"21,711"
2018-03-18,"11,340"
2018-03-19,785
2018-03-20,"1,228"
2018-03-21,"2,184"
2018-03-22,"1,559"
2018-03-23,"1,922"
2018-03-24,"8,418"
2018-03-25,"7,334"
2018-03-26,"1,227"
2018-03-27,"1,297"
2018-03-28,"1,830"
2018-03-29,"1,588"
2018-03-30,"3,670"
2018-03-31,"24,609"
2018-04-01,"15,121"
2018-04-02,"2,785"
2018-04-03,"3,689"
2018-04-04,"2,575"
2018-04-05,992
2018-04-06,"3,920"
2018-04-07,"12,741"
2018-04-08,"12,683"
2018-04-09,"5,775"
2018-04-10,"7,236"
2018-04-11,"4,184"
2018-04-12,"7,264"
2018-04-13,"8,694"
2018-04-14,"2,097"
2018-04-15,"21,355"
2018-04-16,"5,480"
2018-04-17,"5,164"
2018-04-18,"5,634"
2018-04-19,"5,069"
2018-04-20,"5,353"
2018-04-21,"32,610"
2018-04-22,"7,680"
2018-04-23,288
2018-04-24,"4,340"
2018-04-25,"8,633"
2018-04-26,"15,833"
2018-04-27,"14,350"
2018-04-28,"22,964"
2018-04-29,"29,774"
2018-04-30,"15,101"
2018-05-01,"22,284"
2018-05-02,"1,349"
2018-05-03,"9,103"
2018-05-04,"11,398"
2018-05-05,"52,310"
2018-05-06,"3,344"
2018-05-07,"32,821"
2018-05-08,"5,728"
2018-05-09,"5,892"
2018-05-10,"6,762"
2018-05-11,"9,835"
2018-05-12,"1,345"
2018-05-13,"23,131"
2018-05-14,"4,102"
2018-05-15,"4,825"
2018-05-16,896
2018-05-17,"1,309"
2018-05-18,"5,492"
2018-05-19,"33,655"
2018-05-20,"30,449"
2018-05-21,"19,298"
2018-05-22,"28,495"
2018-05-23,"6,302"
2018-05-24,"6,387"
2018-05-25,"8,457"
2018-05-26,"27,705"
2018-05-27,"32,244"
2018-05-28,"27,205"
2018-05-29,"8,741"
2018-05-30,"7,303"
2018-05-31,"26,276"
2018-06-01,"9,969"
2018-06-02,"26,341"
2018-06-03,"25,808"
2018-06-04,"5,922"
2018-06-05,"9,027"
2018-06-06,"29,944"
2018-06-07,"6,171"
2018-06-08,"7,157"
2018-06-09,"18,036"
2018-06-10,"19,328"
2018-06-11,"3,626"
2018-06-12,"5,547"
2018-06-13,"17,997"
2018-06-14,"1,766"
2018-06-15,"4,362"
2018-06-16,"15,207"
2018-06-17,"12,254"
2018-06-18,"2,432"
2018-06-19,"3,781"
2018-06-20,"3,212"
2018-06-21,"2,893"
2018-06-22,"16,022"
2018-06-23,"8,845"
2018-06-24,"6,553"
2018-06-25,"2,284"
2018-06-26,"13,766"
2018-06-27,"1,986"
2018-06-28,"1,969"
2018-06-29,"8,100"
2018-06-30,"3,604"
2018-07-01,411
2018-07-02,334
2018-07-03,"1,777"
2018-07-04,"1,568"
2018-07-05,"1,283"
2018-07-06,"2,418"
2018-07-07,"11,179"
2018-07-08,"12,207"
2018-07-09,574
2018-07-10,"1,614"
2018-07-11,"1,407"
2018-07-12,"2,517"
2018-07-13,"1,356"
2018-07-14,"3,918"
2018-07-15,"3,031"
2018-07-16,852
2018-07-17,"1,139"
2018-07-18,"14,697"
2018-07-19,899
2018-07-20,756
2018-07-21,"1,537"
2018-07-22,"1,228"
2018-07-23,605
2018-07-24,516
2018-07-25,651
2018-07-26,712
2018-07-27,"1,830"
2018-07-28,"1,410"
2018-07-29,"1,620"
2018-07-30,937
2018-07-31,"1,320"
2018-08-01,607
2018-08-02,792
2018-08-03,701
2018-08-04,"1,558"
2018-08-05,"1,690"
2018-08-06,815
2018-08-07,816
2018-08-08,720
2018-08-09,"1,072"
2018-08-10,725
2018-08-11,"2,070"
2018-08-12,"3,107"
2018-08-13,865
2018-08-14,943
2018-08-15,"1,790"
2018-08-16,755
2018-08-17,"1,690"
2018-08-18,"7,856"
2018-08-19,"7,320"
2018-08-20,"1,315"
2018-08-21,"1,185"
2018-08-22,"1,501"
2018-08-23,520
2018-08-24,480
2018-08-25,"10,258"
2018-08-26,"5,426"
2018-08-27,549
2018-08-28,644
2018-08-29,"4,342"
2018-08-30,"1,066"
2018-08-31,"2,373"
2018-09-01,"15,182"
2018-09-02,"15,541"
2018-09-03,684
2018-09-04,"2,211"
2018-09-05,"2,910"
2018-09-06,"2,383"
2018-09-07,"3,470"
2018-09-08,"22,103"
2018-09-09,"23,202"
2018-09-10,"3,329"
2018-09-11,"3,546"
2018-09-12,"3,032"
2018-09-13,"3,182"
2018-09-14,"3,111"
2018-09-15,"10,686"
2018-09-16,"9,048"
2018-09-17,"3,011"
2018-09-18,"3,310"
2018-09-19,"7,333"
2018-09-20,"1,696"
2018-09-21,741
2018-09-22,"14,301"
2018-09-23,"13,065"
2018-09-24,"19,661"
2018-09-25,"29,558"
2018-09-26,"21,131"
2018-09-27,"5,153"
2018-09-28,"5,910"
2018-09-29,"22,289"
2018-09-30,"19,868"
2018-10-01,"3,207"
2018-10-02,"4,863"
2018-10-03,"27,449"
2018-10-04,"4,159"
2018-10-05,"1,426"
2018-10-06,"1,355"
2018-10-07,"22,060"
2018-10-08,"11,611"
2018-10-09,"27,514"
2018-10-10,"3,384"
2018-10-11,"5,071"
2018-10-12,"8,295"
2018-10-13,"16,641"
2018-10-14,"17,762"
2018-10-15,"7,580"
2018-10-16,"4,861"
2018-10-17,"5,903"
2018-10-18,"5,146"
2018-10-19,"11,385"
2018-10-20,"22,515"
2018-10-21,"21,366"
2018-10-22,"4,455"
2018-10-23,"2,405"
2018-10-24,"5,240"
2018-10-25,"6,662"
2018-10-26,"14,286"
2018-10-27,"21,561"
2018-10-28,"4,916"
2018-10-29,"3,342"
2018-10-30,"3,786"
2018-10-31,"5,730"
2018-11-01,"3,923"
2018-11-02,"5,152"
2018-11-03,"16,626"
2018-11-04,"15,903"
2018-11-05,"2,780"
2018-11-06,"2,108"
2018-11-07,"1,321"
2018-11-08,576
2018-11-09,"2,922"
2018-11-10,"6,233"
2018-11-11,"5,204"
2018-11-12,"2,316"
2018-11-13,"2,244"
2018-11-14,"2,219"
2018-11-15,"1,911"
2018-11-16,"1,626"
2018-11-17,"6,659"
2018-11-18,"6,404"
2018-11-19,"1,383"
2018-11-20,"1,427"
2018-11-21,893
2018-11-22,"4,964"
2018-11-23,"1,208"
2018-11-24,"1,404"
2018-11-25,"3,699"
2018-11-26,"1,169"
2018-11-27,923
2018-11-28,895
2018-11-29,"8,472"
2018-11-30,987
2018-12-01,"4,005"
2018-12-02,"3,381"
2018-12-03,356
2018-12-04,610
2018-12-05,815
2018-12-06,878
2018-12-07,440
2018-12-08,807
2018-12-09,808
2018-12-10,553
2018-12-11,997
2018-12-12,"2,089"
2018-12-13,854
2018-12-14,456
2018-12-15,"1,381"
2018-12-16,"1,134"
2018-12-17,656
2018-12-18,861
2018-12-19,809
2018-12-20,876
2018-12-21,"1,630"
2018-12-22,"1,982"
2018-12-23,"2,948"
2018-12-24,982
2018-12-25,"2,402"
2018-12-26,752
2018-12-27,"3,943"
2018-12-28,357
2018-12-29,734
2018-12-30,915
2018-12-31,834
2019-01-01,"1,524"
2019-01-02,634
2019-01-03,777
2019-01-04,690
2019-01-05,"1,601"
2019-01-06,"2,057"
2019-01-07,773
2019-01-08,804
2019-01-09,529
2019-01-10,839
2019-01-11,814
2019-01-12,"1,855"
2019-01-13,"1,680"
2019-01-14,433
2019-01-15,493
2019-01-16,674
2019-01-17,"1,220"
2019-01-18,810
2019-01-19,"1,738"
2019-01-20,"2,064"
2019-01-21,731
2019-01-22,988
2019-01-23,756
2019-01-24,"1,010"
2019-01-25,882
2019-01-26,"2,023"
2019-01-27,"2,391"
2019-01-28,703
2019-01-29,938
2019-01-30,716
2019-01-31,"1,624"
2019-02-01,626
2019-02-02,"1,630"
2019-02-03,405
2019-02-04,"2,550"
2019-02-05,"3,855"
2019-02-06,"4,046"
2019-02-07,996
2019-02-08,771
2019-02-09,"1,771"
2019-02-10,"1,652"
2019-02-11,732
2019-02-12,"1,041"
2019-02-13,917
2019-02-14,"1,290"
2019-02-15,587
2019-02-16,"1,889"
2019-02-17,"2,834"
2019-02-18,"1,084"
2019-02-19,514
2019-02-20,832
2019-02-21,998
2019-02-22,"1,005"
2019-02-23,"4,086"
2019-02-24,"7,466"
2019-02-25,"1,428"
2019-02-26,"2,285"
2019-02-27,"2,595"
2019-02-28,"2,135"
2019-03-01,"6,264"
2019-03-02,"5,491"
2019-03-03,"4,393"
2019-03-04,822
2019-03-05,649
2019-03-06,513
2019-03-07,"1,196"
2019-03-08,"1,622"
2019-03-09,"17,833"
2019-03-10,"9,254"
2019-03-11,"1,025"
2019-03-12,"1,326"
2019-03-13,"1,064"
2019-03-14,"1,351"
2019-03-15,963
2019-03-16,"8,722"
2019-03-17,"15,718"
2019-03-18,"1,945"
2019-03-19,"2,077"
2019-03-20,759
2019-03-21,"1,144"
2019-03-22,"1,477"
2019-03-23,"3,562"
2019-03-24,"12,787"
2019-03-25,"1,538"
2019-03-26,"1,744"
2019-03-27,"1,117"
2019-03-28,"1,665"
2019-03-29,"2,870"
2019-03-30,"2,452"
2019-03-31,"4,418"
2019-04-01,"1,876"
2019-04-02,"2,081"
2019-04-03,"3,957"
2019-04-04,"3,060"
2019-04-05,"4,100"
2019-04-06,"11,272"
2019-04-07,"31,924"
2019-04-08,"5,501"
2019-04-09,"3,029"
2019-04-10,"2,124"
2019-04-11,"8,577"
2019-04-12,"9,296"
2019-04-13,"39,200"
2019-04-14,"5,017"
2019-04-15,"6,556"
2019-04-16,"6,982"
2019-04-17,"6,040"
2019-04-18,"4,791"
2019-04-19,"6,494"
2019-04-20,"29,419"
2019-04-21,"19,874"
2019-04-22,"4,445"
2019-04-23,"3,905"
2019-04-24,"3,475"
2019-04-25,"6,869"
2019-04-26,"3,550"
2019-04-27,"23,777"
2019-04-28,"17,964"
2019-04-29,"3,283"
2019-04-30,"6,833"
2019-05-01,"26,327"
2019-05-02,"6,977"
2019-05-03,"9,589"
2019-05-04,"17,366"
2019-05-05,"43,255"
2019-05-06,"31,870"
2019-05-07,"4,534"
2019-05-08,"3,574"
2019-05-09,"5,572"
2019-05-10,"7,701"
2019-05-11,"17,093"
2019-05-12,"17,370"
2019-05-13,"3,194"
2019-05-14,"6,529"
2019-05-15,"6,094"
2019-05-16,"5,200"
2019-05-17,"8,945"
2019-05-18,"16,276"
2019-05-19,"2,666"
2019-05-20,"3,766"
2019-05-21,"7,521"
2019-05-22,"6,119"
2019-05-23,"6,060"
2019-05-24,"7,253"
2019-05-25,"23,240"
2019-05-26,"25,575"
2019-05-27,"1,162"
2019-05-28,"9,372"
2019-05-29,"8,026"
2019-05-30,"19,350"
2019-05-31,"8,759"
2019-06-01,"26,364"
2019-06-02,"25,449"
2019-06-03,"6,056"
2019-06-04,"6,528"
2019-06-05,"6,975"
2019-06-06,"21,962"
2019-06-07,"2,612"
2019-06-08,"27,175"
2019-06-09,"15,525"
2019-06-10,"3,073"
2019-06-11,"4,733"
2019-06-12,"4,792"
2019-06-13,"3,361"
2019-06-14,"3,441"
2019-06-15,"12,924"
2019-06-16,"14,680"
2019-06-17,"3,147"
2019-06-18,"2,085"
2019-06-19,"2,212"
2019-06-20,"3,271"
2019-06-21,"2,457"
2019-06-22,"12,601"
2019-06-23,"11,289"
2019-06-24,"2,921"
2019-06-25,"2,038"
2019-06-26,"1,954"
2019-06-27,"1,587"
2019-06-28,"17,126"
2019-06-29,"4,743"
2019-06-30,"9,422"
2019-07-01,"2,026"
2019-07-02,"2,076"
2019-07-03,"1,546"
2019-07-04,"1,671"
2019-07-05,"1,344"
2019-07-06,"3,647"
2019-07-07,"4,107"
2019-07-08,"1,440"
2019-07-09,"1,778"
2019-07-10,"1,412"
2019-07-11,"1,100"
2019-07-12,"2,070"
2019-07-13,"7,214"
2019-07-14,"6,264"
2019-07-15,"1,060"
2019-07-16,"1,684"
2019-07-17,"1,339"
2019-07-18,"2,643"
2019-07-19,"1,355"
2019-07-20,"2,468"
2019-07-21,"2,912"
2019-07-22,"1,429"
2019-07-23,"1,370"
2019-07-24,765
2019-07-25,630
2019-07-26,"12,704"
2019-07-27,"2,834"
2019-07-28,"1,144"
2019-07-29,"2,921"
2019-07-30,"2,230"
2019-07-31,724
2019-08-01,"3,038"
2019-08-02,"2,886"
2019-08-03,"2,685"
2019-08-04,"2,468"
2019-08-05,"1,053"
2019-08-06,"7,204"
2019-08-07,"1,197"
2019-08-08,"1,250"
2019-08-09,886
2019-08-10,"1,785"
2019-08-11,"2,657"
2019-08-12,428
2019-08-13,"1,185"
2019-08-14,872
2019-08-15,"1,120"
2019-08-16,"3,587"
2019-08-17,"5,430"
2019-08-18,"7,670"
2019-08-19,"1,854"
2019-08-20,"1,430"
2019-08-21,"1,328"
2019-08-22,"1,190"
2019-08-23,"1,863"
2019-08-24,"10,784"
2019-08-25,"11,007"
2019-08-26,"1,821"
2019-08-27,"1,711"
2019-08-28,"1,679"
2019-08-29,"5,198"
2019-08-30,"2,304"
2019-08-31,"15,428"
2019-09-01,"14,422"
2019-09-02,"1,994"
2019-09-03,"1,790"
2019-09-04,460
2019-09-05,764
2019-09-06,998
2019-09-08,"6,033"
2019-09-09,925
2019-09-10,987
2019-09-11,"1,770"
2019-09-12,"5,460"
2019-09-13,"19,822"
2019-09-14,"16,120"
2019-09-15,"14,186"
2019-09-16,"3,182"
2019-09-17,"2,611"
2019-09-18,"3,172"
2019-09-19,"3,431"
2019-09-20,"4,563"
2019-09-21,"10,127"
2019-09-22,"1,126"
2019-09-23,"2,999"
2019-09-24,"4,136"
2019-09-25,"3,948"
2019-09-26,"11,123"
2019-09-27,"4,624"
2019-09-28,"22,637"
2019-09-29,"18,965"
2019-09-30,"4,098"
2019-10-01,"3,496"
2019-10-02,"2,251"
2019-10-03,"15,337"
2019-10-04,"11,882"
2019-10-05,"16,368"
2019-10-06,"19,596"
2019-10-07,453
2019-10-08,"6,765"
2019-10-09,"25,533"
2019-10-10,"4,152"
2019-10-11,"6,444"
2019-10-12,"18,065"
2019-10-13,"18,452"
2019-10-14,"3,421"
2019-10-15,"4,828"
2019-10-16,"4,625"
2019-10-17,"7,092"
2019-10-18,"8,745"
2019-10-19,"19,166"
2019-10-20,"16,154"
2019-10-21,"4,135"
2019-10-22,"4,520"
2019-10-23,"5,540"
2019-10-24,"4,341"
2019-10-25,"8,133"
2019-10-26,"17,609"
2019-10-27,"16,692"
2019-10-28,"3,318"
2019-10-29,"3,791"
2019-10-30,"12,945"
2019-10-31,"4,014"
2019-11-01,"3,458"
2019-11-02,"14,026"
2019-11-03,"11,948"
2019-11-04,"3,977"
2019-11-05,"3,444"
2019-11-06,"3,086"
2019-11-07,"3,573"
2019-11-08,"4,592"
2019-11-09,"12,385"
2019-11-10,"9,306"
2019-11-11,"2,244"
2019-11-12,"2,867"
2019-11-13,"1,080"
2019-11-14,"3,890"
2019-11-15,618
2019-11-16,"6,239"
2019-11-17,"1,062"
2019-11-18,893
2019-11-19,"2,984"
2019-11-20,"1,030"
2019-11-21,"1,160"
2019-11-22,"1,700"
2019-11-23,"7,841"
2019-11-24,"3,749"
2019-11-25,922
2019-11-26,"1,377"
2019-11-27,"1,223"
2019-11-28,"1,041"
2019-11-29,"18,132"
2019-11-30,"3,727"
2019-12-01,836
2019-12-02,813
2019-12-03,696
2019-12-04,790
2019-12-05,705
2019-12-06,407
2019-12-07,"1,326"
2019-12-08,"2,122"
2019-12-09,621
2019-12-10,708
2019-12-11,645
2019-12-12,"1,153"
2019-12-13,749
2019-12-14,"2,182"
2019-12-15,"3,487"
2019-12-16,"1,084"
2019-12-17,473
2019-12-18,"1,578"
2019-12-19,779
2019-12-20,725
2019-12-21,"1,661"
2019-12-22,"1,967"
2019-12-23,699
2019-12-24,959
2019-12-25,"2,858"
2019-12-26,548
2019-12-27,"1,302"
2019-12-28,"2,110"
2019-12-29,"6,913"
2019-12-30,863
2019-12-31,548
2020-01-01,"1,239"
2020-01-02,866
2020-01-03,812
2020-01-04,"2,059"
2020-01-05,"2,721"
2020-01-06,466
2020-01-07,281
2020-01-08,622
2020-01-09,"1,282"
2020-01-10,786
2020-01-11,"1,961"
2020-01-12,"2,180"
2020-01-13,732
2020-01-14,895
2020-01-15,857
2020-01-16,762
2020-01-17,674
2020-01-18,"2,425"
2020-01-19,"1,539"
2020-01-20,761
2020-01-21,763
2020-01-22,780
2020-01-23,809
2020-01-24,"2,041"
2020-01-25,"3,800"
2020-01-26,"4,597"
2020-01-27,"2,236"
2020-01-28,925
2020-01-29,757
2020-01-30,"2,013"
2020-01-31,628
