timestamp,rainfall_min,rainfall_max,rainfall_mean,rainfall_median
2019-02-01,0,0,0.0,0.0
2019-02-02,0,0,0.0,0.0
2019-02-03,0,0,0.0,0.0
2019-02-04,0,0,0.0,0.0
2019-02-05,0,0,0.0,0.0
2019-02-06,0,0,0.0,0.0
2019-02-07,0,0,0.0,0.0
2019-02-08,0,0,0.0,0.0
2019-02-09,0,0,0.0,0.0
2019-02-10,0,0,0.0,0.0
2019-02-11,0,0,0.0,0.0
2019-02-12,0,1,0.05555555555555555,0.0
2019-02-13,0,5,0.7222222222222222,0.0
2019-02-14,0,5,1.8333333333333333,0.5
2019-02-15,0,5,1.1666666666666667,0.5
2019-02-16,0,5,0.8888888888888888,0.0
2019-02-17,0,5,0.8888888888888888,0.0
2019-02-18,0,0,0.0,0.0
2019-02-19,0,0,0.0,0.0
2019-02-20,0,1,0.2222222222222222,0.0
2019-02-21,0,5,1.6388888888888888,0.0
2019-02-22,0,5,1.6666666666666667,1.0
2019-02-23,0,5,3.611111111111111,5.0
2019-02-24,0,5,2.8055555555555554,5.0
2019-02-25,0,5,0.5555555555555556,0.0
2019-02-26,0,0,0.0,0.0
2019-02-27,0,5,0.2777777777777778,0.0
2019-02-28,0,5,0.2777777777777778,0.0
2019-03-01,0,0,0.0,0.0
2019-03-02,0,0,0.0,0.0
2019-03-03,0,0,0.0,0.0
2019-03-04,0,0,0.0,0.0
2019-03-05,0,0,0.0,0.0
2019-03-06,0,0,0.0,0.0
2019-03-07,0,1,0.027777777777777776,0.0
2019-03-08,0,0,0.0,0.0
2019-03-09,0,0,0.0,0.0
2019-03-10,0,0,0.0,0.0
2019-03-11,0,1,0.05555555555555555,0.0
2019-03-12,0,5,0.4444444444444444,0.0
2019-03-13,0,25,3.611111111111111,0.0
2019-03-14,0,25,8.333333333333334,5.0
2019-03-15,0,25,9.166666666666666,5.0
2019-03-16,0,25,1.3888888888888888,0.0
2019-03-17,0,1,0.027777777777777776,0.0
2019-03-18,0,0,0.0,0.0
2019-03-19,0,1,0.05555555555555555,0.0
2019-03-20,0,5,1.1666666666666667,0.0
2019-03-21,0,10,2.7777777777777777,0.0
2019-03-22,0,5,1.3055555555555556,0.0
2019-03-23,0,5,1.3888888888888888,0.0
2019-03-24,0,5,1.2777777777777777,0.0
2019-03-25,0,1,0.027777777777777776,0.0
2019-03-26,0,5,0.5555555555555556,0.0
2019-03-27,0,1,0.027777777777777776,0.0
2019-03-28,0,0,0.0,0.0
2019-03-29,0,0,0.0,0.0
2019-03-30,0,0,0.0,0.0
2019-03-31,0,5,0.2777777777777778,0.0
2019-04-01,0,0,0.0,0.0
2019-04-02,0,0,0.0,0.0
2019-04-03,0,0,0.0,0.0
2019-04-04,0,0,0.0,0.0
2019-04-05,0,0,0.0,0.0
2019-04-06,0,0,0.0,0.0
2019-04-07,0,0,0.0,0.0
2019-04-08,0,0,0.0,0.0
2019-04-09,0,0,0.0,0.0
2019-04-10,0,0,0.0,0.0
2019-04-11,0,0,0.0,0.0
2019-04-12,0,0,0.0,0.0
2019-04-13,0,5,0.8333333333333334,0.0
2019-04-14,0,5,1.6666666666666667,0.0
2019-04-15,0,5,0.2777777777777778,0.0
2019-04-16,0,0,0.0,0.0
2019-04-17,0,1,0.05555555555555555,0.0
2019-04-18,0,50,9.777777777777779,0.0
2019-04-19,0,50,17.5,7.5
2019-04-20,0,50,8.194444444444445,2.5
2019-04-21,0,0,0.0,0.0
2019-04-22,0,25,2.7777777777777777,0.0
2019-04-23,0,25,7.5,5.0
2019-04-24,0,25,3.1666666666666665,0.5
2019-04-25,0,5,0.4166666666666667,0.0
2019-04-26,0,0,0.0,0.0
2019-04-27,0,0,0.0,0.0
2019-04-28,0,5,0.1388888888888889,0.0
2019-04-29,0,0,0.0,0.0
2019-04-30,0,10,1.1666666666666667,0.0
2019-05-01,0,10,3.111111111111111,0.0
2019-05-02,0,10,1.6666666666666667,0.0
2019-05-03,0,25,5.277777777777778,0.0
2019-05-04,0,25,3.3333333333333335,0.0
2019-05-05,0,25,1.6666666666666667,0.0
2019-05-06,0,50,2.7777777777777777,0.0
2019-05-07,0,50,18.47222222222222,10.0
2019-05-08,0,50,18.61111111111111,10.0
2019-05-09,0,25,4.583333333333333,0.0
2019-05-10,0,25,1.9444444444444444,0.0
2019-05-11,0,100,12.5,0.0
2019-05-12,0,100,49.72222222222222,50.0
2019-05-13,0,100,38.888888888888886,25.0
2019-05-14,0,25,1.6666666666666667,0.0
2019-05-15,0,0,0.0,0.0
2019-05-16,0,0,0.0,0.0
2019-05-17,0,25,1.3888888888888888,0.0
2019-05-18,0,25,3.0555555555555554,0.0
2019-05-19,0,10,2.2222222222222223,0.0
2019-05-20,0,50,10.833333333333334,7.5
2019-05-21,0,50,13.63888888888889,5.5
2019-05-22,0,25,0.6944444444444444,0.0
2019-05-23,0,0,0.0,0.0
2019-05-24,0,0,0.0,0.0
2019-05-25,0,0,0.0,0.0
2019-05-26,0,100,7.5,0.0
2019-05-27,0,100,28.47222222222222,0.0
2019-05-28,0,100,25.0,0.0
2019-05-29,0,5,0.2777777777777778,0.0
2019-05-30,0,5,1.1111111111111112,0.0
2019-05-31,0,10,1.25,0.0
2019-06-01,0,0,0.0,0.0
2019-06-02,0,0,0.0,0.0
2019-06-03,0,5,0.2777777777777778,0.0
2019-06-04,0,5,1.1111111111111112,0.0
2019-06-05,0,5,0.2777777777777778,0.0
2019-06-06,0,5,0.5555555555555556,0.0
2019-06-07,0,25,2.2222222222222223,0.0
2019-06-08,0,25,3.3333333333333335,0.0
2019-06-09,0,50,6.722222222222222,0.5
2019-06-10,0,10,0.2777777777777778,0.0
2019-06-11,0,0,0.0,0.0
2019-06-12,0,5,0.2777777777777778,0.0
2019-06-13,0,5,1.9444444444444444,0.0
2019-06-14,0,5,2.2222222222222223,0.0
2019-06-15,0,5,0.1388888888888889,0.0
2019-06-16,0,0,0.0,0.0
2019-06-17,0,0,0.0,0.0
2019-06-18,0,1,0.05555555555555555,0.0
2019-06-19,0,5,0.4444444444444444,0.0
2019-06-20,0,5,0.8888888888888888,0.0
2019-06-21,0,1,0.2222222222222222,0.0
2019-06-22,0,5,0.3333333333333333,0.0
2019-06-23,0,0,0.0,0.0
2019-06-24,0,5,0.2777777777777778,0.0
2019-06-25,0,5,0.6666666666666666,0.0
2019-06-26,0,5,1.1111111111111112,0.0
2019-06-27,0,0,0.0,0.0
2019-06-28,0,0,0.0,0.0
2019-06-29,0,5,1.2222222222222223,0.0
2019-06-30,0,5,1.1111111111111112,0.0
2019-07-01,0,5,0.2777777777777778,0.0
2019-07-02,0,5,0.2777777777777778,0.0
2019-07-03,0,5,1.7777777777777777,0.0
2019-07-04,0,5,0.4444444444444444,0.0
2019-07-05,0,5,2.7222222222222223,5.0
2019-07-06,0,10,1.1111111111111112,0.0
2019-07-07,0,0,0.0,0.0
2019-07-08,0,0,0.0,0.0
2019-07-09,0,0,0.0,0.0
2019-07-10,0,0,0.0,0.0
2019-07-11,0,0,0.0,0.0
2019-07-12,0,0,0.0,0.0
2019-07-13,0,0,0.0,0.0
2019-07-14,0,5,0.5555555555555556,0.0
2019-07-15,0,5,1.0,0.0
2019-07-16,0,5,1.7222222222222223,0.5
2019-07-17,0,1,0.027777777777777776,0.0
2019-07-18,0,0,0.0,0.0
2019-07-19,0,0,0.0,0.0
2019-07-20,0,10,1.3888888888888888,0.0
2019-07-21,0,25,7.694444444444445,5.0
2019-07-22,0,10,1.5833333333333333,0.0
2019-07-23,0,0,0.0,0.0
2019-07-24,0,0,0.0,0.0
2019-07-25,0,0,0.0,0.0
2019-07-26,0,1,0.1111111111111111,0.0
2019-07-27,0,0,0.0,0.0
2019-07-28,0,10,2.638888888888889,0.0
2019-07-29,0,10,1.5277777777777777,0.0
2019-07-30,0,0,0.0,0.0
2019-07-31,0,1,0.1111111111111111,0.0
2019-08-01,0,1,0.3333333333333333,0.0
2019-08-02,0,0,0.0,0.0
2019-08-03,0,0,0.0,0.0
2019-08-04,0,0,0.0,0.0
2019-08-05,0,0,0.0,0.0
2019-08-06,0,0,0.0,0.0
2019-08-07,0,0,0.0,0.0
2019-08-08,0,1,0.1111111111111111,0.0
2019-08-09,0,5,2.0833333333333335,0.0
2019-08-10,0,5,1.0,0.0
2019-08-11,0,10,2.111111111111111,0.0
2019-08-12,0,10,4.472222222222222,5.0
2019-08-13,0,5,1.5833333333333333,1.0
2019-08-14,0,5,1.5277777777777777,0.0
2019-08-15,0,1,0.027777777777777776,0.0
2019-08-16,0,0,0.0,0.0
2019-08-17,0,0,0.0,0.0
2019-08-18,0,5,2.2222222222222223,0.0
2019-08-19,0,5,2.361111111111111,0.0
2019-08-20,0,0,0.0,0.0
2019-08-21,0,0,0.0,0.0
2019-08-22,0,0,0.0,0.0
2019-08-23,0,0,0.0,0.0
2019-08-24,0,0,0.0,0.0
2019-08-25,0,25,3.4722222222222223,0.0
2019-08-26,0,50,18.61111111111111,25.0
2019-08-27,0,25,4.916666666666667,0.0
2019-08-28,0,5,0.4166666666666667,0.0
2019-08-29,0,25,4.305555555555555,0.0
2019-08-30,0,25,10.0,5.0
2019-08-31,0,25,2.0833333333333335,0.0
2019-09-01,0,5,0.6944444444444444,0.0
2019-09-02,0,25,9.166666666666666,5.0
2019-09-03,0,25,1.5555555555555556,0.0
2019-09-04,0,1,0.027777777777777776,0.0
2019-09-05,0,0,0.0,0.0
2019-09-06,0,1,0.1388888888888889,0.0
2019-09-07,0,25,6.333333333333333,5.0
2019-09-08,0,25,8.194444444444445,7.5
2019-09-09,0,5,0.2777777777777778,0.0
2019-09-10,0,5,1.1111111111111112,0.0
2019-09-11,0,0,0.0,0.0
2019-09-12,0,50,6.25,0.0
2019-09-13,0,50,13.194444444444445,7.5
2019-09-14,0,10,0.9722222222222222,0.0
2019-09-15,0,10,2.3055555555555554,0.0
2019-09-16,0,10,2.7222222222222223,0.0
2019-09-17,0,5,1.7777777777777777,0.0
2019-09-18,0,10,4.722222222222222,5.0
2019-09-19,0,10,1.1111111111111112,0.0
2019-09-20,0,5,1.5277777777777777,0.0
2019-09-21,0,5,0.8333333333333334,0.0
2019-09-22,0,0,0.0,0.0
2019-09-23,0,10,2.0833333333333335,0.0
2019-09-24,0,10,1.2777777777777777,0.0
2019-09-25,0,0,0.0,0.0
2019-09-26,0,0,0.0,0.0
2019-09-27,0,0,0.0,0.0
2019-09-28,0,5,0.6944444444444444,0.0
2019-09-29,0,25,7.638888888888889,5.0
2019-09-30,0,25,6.666666666666667,5.0
2019-10-01,0,5,0.8611111111111112,0.0
2019-10-02,0,0,0.0,0.0
2019-10-03,0,0,0.0,0.0
2019-10-04,0,5,1.25,0.0
2019-10-05,0,5,0.4166666666666667,0.0
2019-10-06,0,0,0.0,0.0
2019-10-07,0,0,0.0,0.0
2019-10-08,0,0,0.0,0.0
2019-10-09,0,0,0.0,0.0
2019-10-10,0,0,0.0,0.0
2019-10-11,0,1,0.19444444444444445,0.0
2019-10-12,0,1,0.4722222222222222,0.0
2019-10-13,0,0,0.0,0.0
2019-10-14,0,0,0.0,0.0
2019-10-15,0,0,0.0,0.0
2019-10-16,0,0,0.0,0.0
2019-10-17,0,5,0.6944444444444444,0.0
2019-10-18,0,5,2.111111111111111,0.0
2019-10-19,0,1,0.1111111111111111,0.0
2019-10-20,0,10,3.4722222222222223,0.0
2019-10-21,0,10,4.611111111111111,5.0
2019-10-22,0,5,1.6388888888888888,0.0
2019-10-23,0,5,0.6944444444444444,0.0
2019-10-24,0,5,0.5555555555555556,0.0
2019-10-25,0,50,13.63888888888889,0.0
2019-10-26,0,50,9.777777777777779,5.0
2019-10-27,0,10,4.166666666666667,5.0
2019-10-28,0,25,3.75,0.0
2019-10-29,0,0,0.0,0.0
2019-10-30,0,0,0.0,0.0
2019-10-31,0,0,0.0,0.0
2019-11-01,0,0,0.0,0.0
2019-11-02,0,0,0.0,0.0
2019-11-03,0,0,0.0,0.0
2019-11-04,0,0,0.0,0.0
2019-11-05,0,0,0.0,0.0
2019-11-06,0,0,0.0,0.0
2019-11-07,0,10,2.7777777777777777,0.0
2019-11-08,0,5,0.3333333333333333,0.0
2019-11-09,0,0,0.0,0.0
2019-11-10,0,0,0.0,0.0
2019-11-11,0,5,0.1388888888888889,0.0
2019-11-12,0,25,9.86111111111111,5.0
2019-11-13,0,25,7.777777777777778,5.0
2019-11-14,0,25,3.0833333333333335,0.0
2019-11-15,0,25,6.805555555555555,5.0
2019-11-16,0,25,2.361111111111111,0.0
2019-11-17,0,5,0.1388888888888889,0.0
2019-11-18,0,0,0.0,0.0
2019-11-19,0,25,6.388888888888889,2.5
2019-11-20,0,25,4.027777777777778,0.0
2019-11-21,0,0,0.0,0.0
2019-11-22,0,0,0.0,0.0
2019-11-23,0,5,0.1388888888888889,0.0
2019-11-24,0,0,0.0,0.0
2019-11-25,0,25,3.0555555555555554,0.0
2019-11-26,0,25,9.305555555555555,10.0
2019-11-27,0,25,8.055555555555555,7.5
2019-11-28,0,5,0.6944444444444444,0.0
2019-11-29,0,5,0.5555555555555556,0.0
2019-11-30,0,10,1.6666666666666667,0.0
2019-12-01,0,10,0.5555555555555556,0.0
2019-12-02,0,50,9.027777777777779,0.0
2019-12-03,0,100,24.166666666666668,25.0
2019-12-04,0,5,0.8333333333333334,0.0
2019-12-05,0,10,0.2777777777777778,0.0
2019-12-06,0,0,0.0,0.0
2019-12-07,0,10,3.3333333333333335,5.0
2019-12-08,0,50,14.166666666666666,7.5
2019-12-09,0,50,20.13888888888889,25.0
2019-12-10,0,25,2.638888888888889,0.0
2019-12-11,0,0,0.0,0.0
2019-12-12,0,25,8.194444444444445,0.0
2019-12-13,0,50,14.583333333333334,10.0
2019-12-14,0,10,1.3888888888888888,0.0
2019-12-15,0,50,14.75,5.0
2019-12-16,0,100,10.583333333333334,5.0
2019-12-17,0,100,36.111111111111114,10.0
2019-12-18,0,10,0.8333333333333334,0.0
2019-12-19,0,10,1.8055555555555556,0.0
2019-12-20,0,10,2.361111111111111,0.0
2019-12-21,0,5,2.361111111111111,0.0
2019-12-22,0,5,0.2777777777777778,0.0
2019-12-23,0,0,0.0,0.0
2019-12-24,0,5,0.6944444444444444,0.0
2019-12-25,0,50,18.333333333333332,10.0
2019-12-26,0,50,17.61111111111111,25.0
2019-12-27,0,50,21.38888888888889,25.0
2019-12-28,0,50,24.583333333333332,25.0
2019-12-29,0,25,8.61111111111111,10.0
2019-12-30,0,25,8.61111111111111,5.0
2019-12-31,0,50,17.416666666666668,17.5
2020-01-01,0,100,11.555555555555555,0.0
2020-01-02,0,50,8.333333333333334,0.0
2020-01-03,0,50,18.61111111111111,17.5
2020-01-04,5,100,55.55555555555556,50.0
2020-01-05,0,50,9.166666666666666,5.0
2020-01-06,0,10,1.6666666666666667,0.0
2020-01-07,0,25,10.416666666666666,7.5
2020-01-08,0,50,14.444444444444445,10.0
2020-01-09,0,50,19.86111111111111,25.0
2020-01-10,0,10,0.3055555555555556,0.0
2020-01-11,0,25,8.88888888888889,5.0
2020-01-12,5,100,25.27777777777778,25.0
2020-01-13,0,50,23.75,25.0
2020-01-14,0,50,9.722222222222221,5.0
2020-01-15,0,5,0.1388888888888889,0.0
2020-01-16,0,0,0.0,0.0
2020-01-17,0,0,0.0,0.0
2020-01-18,0,0,0.0,0.0
2020-01-19,0,0,0.0,0.0
2020-01-20,0,0,0.0,0.0
2020-01-21,0,5,0.4444444444444444,0.0
2020-01-22,0,10,3.0,0.5
2020-01-23,0,25,7.777777777777778,5.0
2020-01-24,0,50,9.88888888888889,0.0
2020-01-25,0,0,0.0,0.0
2020-01-26,0,0,0.0,0.0
2020-01-27,0,0,0.0,0.0
2020-01-28,0,0,0.0,0.0
2020-01-29,0,0,0.0,0.0
2020-01-30,0,10,0.2777777777777778,0.0
2020-01-31,0,0,0.0,0.0
2020-02-01,0,0,0.0,0.0
2020-02-02,0,0,0.0,0.0
2020-02-03,0,25,6.527777777777778,0.0
2018-02-01,0,25,9.166666666666666,5.0
2018-02-02,0,0,0.0,0.0
2018-02-03,0,0,0.0,0.0
2018-02-04,0,0,0.0,0.0
2018-02-05,0,0,0.0,0.0
2018-02-06,0,0,0.0,0.0
2018-02-07,0,25,3.75,0.0
2018-02-08,0,25,4.722222222222222,0.0
2018-02-09,0,0,0.0,0.0
2018-02-10,0,0,0.0,0.0
2018-02-11,0,25,4.444444444444445,0.0
2018-02-12,0,25,5.694444444444445,0.0
2018-02-13,0,0,0.0,0.0
2018-02-14,0,0,0.0,0.0
2018-02-15,0,0,0.0,0.0
2018-02-16,0,5,0.4166666666666667,0.0
2018-02-17,0,5,0.1388888888888889,0.0
2018-02-18,0,0,0.0,0.0
2018-02-19,0,0,0.0,0.0
2018-02-20,0,0,0.0,0.0
2018-02-21,0,5,0.6944444444444444,0.0
2018-02-22,0,5,1.3888888888888888,0.0
2018-02-23,0,0,0.0,0.0
2018-02-24,0,0,0.0,0.0
2018-02-25,0,0,0.0,0.0
2018-02-26,0,5,0.6944444444444444,0.0
2018-02-27,0,10,2.638888888888889,0.0
2018-02-28,0,10,1.0833333333333333,0.0
2018-03-01,0,5,1.6944444444444444,0.0
2018-03-02,0,5,0.8611111111111112,0.0
2018-03-03,0,0,0.0,0.0
2018-03-04,0,10,1.9444444444444444,0.0
2018-03-05,0,10,1.5277777777777777,0.0
2018-03-06,0,0,0.0,0.0
2018-03-07,0,0,0.0,0.0
2018-03-08,0,0,0.0,0.0
2018-03-09,0,5,0.6944444444444444,0.0
2018-03-10,0,5,3.0555555555555554,5.0
2018-03-11,0,10,1.5277777777777777,0.0
2018-03-12,0,10,1.9444444444444444,0.0
2018-03-13,0,10,1.6666666666666667,0.0
2018-03-14,0,5,0.3333333333333333,0.0
2018-03-15,0,0,0.0,0.0
2018-03-16,0,0,0.0,0.0
2018-03-17,0,0,0.0,0.0
2018-03-18,0,5,1.25,0.0
2018-03-19,0,5,1.6111111111111112,0.0
2018-03-20,0,5,0.3333333333333333,0.0
2018-03-21,0,5,0.6388888888888888,0.0
2018-03-22,0,5,0.6111111111111112,0.0
2018-03-23,0,0,0.0,0.0
2018-03-24,0,0,0.0,0.0
2018-03-25,0,0,0.0,0.0
2018-03-26,0,0,0.0,0.0
2018-03-27,0,5,0.5555555555555556,0.0
2018-03-28,0,5,1.5555555555555556,0.0
2018-03-29,0,5,1.7777777777777777,1.0
2018-03-30,0,5,1.7222222222222223,0.5
2018-03-31,0,10,2.5555555555555554,1.0
2018-04-01,0,10,3.4722222222222223,5.0
2018-04-02,0,5,0.3888888888888889,0.0
2018-04-03,0,0,0.0,0.0
2018-04-04,0,0,0.0,0.0
2018-04-05,0,0,0.0,0.0
2018-04-06,0,0,0.0,0.0
2018-04-07,0,1,0.1111111111111111,0.0
2018-04-08,0,0,0.0,0.0
2018-04-09,0,1,0.1111111111111111,0.0
2018-04-10,0,1,0.3055555555555556,0.0
2018-04-11,0,1,0.19444444444444445,0.0
2018-04-12,0,5,0.5833333333333334,0.0
2018-04-13,0,5,1.8333333333333333,1.0
2018-04-14,0,5,0.7777777777777778,0.0
2018-04-15,0,5,0.8888888888888888,0.0
2018-04-16,0,5,1.5555555555555556,0.0
2018-04-17,0,5,0.1388888888888889,0.0
2018-04-18,0,0,0.0,0.0
2018-04-19,0,0,0.0,0.0
2018-04-20,0,0,0.0,0.0
2018-04-21,0,0,0.0,0.0
2018-04-22,0,0,0.0,0.0
2018-04-23,0,0,0.0,0.0
2018-04-24,0,5,0.6944444444444444,0.0
2018-04-25,0,10,3.5,5.0
2018-04-26,0,10,1.5277777777777777,0.0
2018-04-27,0,0,0.0,0.0
2018-04-28,0,0,0.0,0.0
2018-04-29,0,0,0.0,0.0
2018-04-30,0,0,0.0,0.0
2018-05-01,0,5,0.6666666666666666,0.0
2018-05-02,0,0,0.0,0.0
2018-05-03,0,0,0.0,0.0
2018-05-04,0,0,0.0,0.0
2018-05-05,0,5,0.5833333333333334,0.0
2018-05-06,0,1,0.2777777777777778,0.0
2018-05-07,0,0,0.0,0.0
2018-05-08,0,1,0.027777777777777776,0.0
2018-05-09,0,5,0.7222222222222222,0.0
2018-05-10,0,1,0.027777777777777776,0.0
2018-05-11,0,0,0.0,0.0
2018-05-12,0,0,0.0,0.0
2018-05-13,0,0,0.0,0.0
2018-05-14,0,0,0.0,0.0
2018-05-15,0,0,0.0,0.0
2018-05-16,0,0,0.0,0.0
2018-05-17,0,0,0.0,0.0
2018-05-18,0,0,0.0,0.0
2018-05-19,0,0,0.0,0.0
2018-05-20,0,0,0.0,0.0
2018-05-21,0,0,0.0,0.0
2018-05-22,0,0,0.0,0.0
2018-05-23,0,0,0.0,0.0
2018-05-24,0,0,0.0,0.0
2018-05-25,0,0,0.0,0.0
2018-05-26,0,0,0.0,0.0
2018-05-27,0,0,0.0,0.0
2018-05-28,0,0,0.0,0.0
2018-05-29,0,10,1.3888888888888888,0.0
2018-05-30,0,50,18.194444444444443,25.0
2018-05-31,0,25,6.944444444444445,5.0
2018-06-01,0,5,0.5555555555555556,0.0
2018-06-02,0,5,0.1388888888888889,0.0
2018-06-03,0,0,0.0,0.0
2018-06-04,0,0,0.0,0.0
2018-06-05,0,0,0.0,0.0
2018-06-06,0,0,0.0,0.0
2018-06-07,0,0,0.0,0.0
2018-06-08,0,50,3.888888888888889,0.0
2018-06-09,0,50,28.333333333333332,37.5
2018-06-10,0,25,14.166666666666666,10.0
2018-06-11,0,50,21.52777777777778,25.0
2018-06-12,0,50,13.5,10.0
2018-06-13,0,50,6.111111111111111,0.0
2018-06-14,0,25,7.083333333333333,0.0
2018-06-15,0,25,5.277777777777778,5.0
2018-06-16,0,50,19.305555555555557,25.0
2018-06-17,0,50,9.166666666666666,5.0
2018-06-18,0,50,9.027777777777779,0.0
2018-06-19,0,0,0.0,0.0
2018-06-20,0,100,22.63888888888889,5.0
2018-06-21,0,100,54.583333333333336,50.0
2018-06-22,0,50,10.833333333333334,5.0
2018-06-23,0,50,2.361111111111111,0.0
2018-06-24,0,50,13.194444444444445,7.5
2018-06-25,0,100,20.833333333333332,7.5
2018-06-26,0,25,2.2222222222222223,0.0
2018-06-27,0,10,0.5555555555555556,0.0
2018-06-28,0,0,0.0,0.0
2018-06-29,0,25,3.4722222222222223,0.0
2018-06-30,0,5,0.9722222222222222,0.0
2018-07-01,0,10,0.6944444444444444,0.0
2018-07-02,0,0,0.0,0.0
2018-07-03,0,0,0.0,0.0
2018-07-04,0,25,3.4722222222222223,0.0
2018-07-05,0,25,8.055555555555555,0.0
2018-07-06,0,10,1.25,0.0
2018-07-07,0,0,0.0,0.0
2018-07-08,0,10,1.1111111111111112,0.0
2018-07-09,0,10,1.25,0.0
2018-07-10,0,0,0.0,0.0
2018-07-11,0,0,0.0,0.0
2018-07-12,0,0,0.0,0.0
2018-07-13,0,0,0.0,0.0
2018-07-14,0,10,1.3888888888888888,0.0
2018-07-15,0,25,13.88888888888889,10.0
2018-07-16,0,25,8.333333333333334,0.0
2018-07-17,0,10,0.6944444444444444,0.0
2018-07-18,0,0,0.0,0.0
2018-07-19,0,0,0.0,0.0
2018-07-20,0,0,0.0,0.0
2018-07-21,0,5,0.1388888888888889,0.0
2018-07-22,0,5,0.1388888888888889,0.0
2018-07-23,0,0,0.0,0.0
2018-07-24,0,0,0.0,0.0
2018-07-25,0,0,0.0,0.0
2018-07-26,0,0,0.0,0.0
2018-07-27,0,25,5.0,0.0
2018-07-28,0,25,7.638888888888889,5.0
2018-07-29,0,5,1.5277777777777777,0.0
2018-07-30,0,0,0.0,0.0
2018-07-31,0,0,0.0,0.0
2018-08-01,0,10,3.3333333333333335,0.0
2018-08-02,0,10,4.722222222222222,2.5
2018-08-03,0,0,0.0,0.0
2018-08-04,0,0,0.0,0.0
2018-08-05,0,0,0.0,0.0
2018-08-06,0,5,0.6944444444444444,0.0
2018-08-07,0,5,0.4166666666666667,0.0
2018-08-08,0,25,5.666666666666667,1.0
2018-08-09,0,25,10.416666666666666,5.0
2018-08-10,0,25,1.9444444444444444,0.0
2018-08-11,0,5,0.5555555555555556,0.0
2018-08-12,0,0,0.0,0.0
2018-08-13,0,1,0.3055555555555556,0.0
2018-08-14,0,1,0.1388888888888889,0.0
2018-08-15,0,0,0.0,0.0
2018-08-16,0,0,0.0,0.0
2018-08-17,0,0,0.0,0.0
2018-08-18,0,0,0.0,0.0
2018-08-19,0,0,0.0,0.0
2018-08-20,0,0,0.0,0.0
2018-08-21,0,0,0.0,0.0
2018-08-22,0,1,0.3055555555555556,0.0
2018-08-23,0,1,0.16666666666666666,0.0
2018-08-24,0,0,0.0,0.0
2018-08-25,0,0,0.0,0.0
2018-08-26,0,0,0.0,0.0
2018-08-27,0,0,0.0,0.0
2018-08-28,0,0,0.0,0.0
2018-08-29,0,0,0.0,0.0
2018-08-30,0,5,0.6111111111111112,0.5
2018-08-31,0,0,0.0,0.0
2018-09-01,0,0,0.0,0.0
2018-09-02,0,0,0.0,0.0
2018-09-03,0,1,0.4444444444444444,0.0
2018-09-04,0,5,1.1111111111111112,0.0
2018-09-05,0,1,0.4444444444444444,0.0
2018-09-06,0,1,0.19444444444444445,0.0
2018-09-07,0,1,0.027777777777777776,0.0
2018-09-08,0,0,0.0,0.0
2018-09-09,0,0,0.0,0.0
2018-09-10,0,10,2.8055555555555554,0.5
2018-09-11,0,10,1.5277777777777777,0.0
2018-09-12,0,0,0.0,0.0
2018-09-13,0,5,0.5277777777777778,0.0
2018-09-14,0,5,0.8611111111111112,0.0
2018-09-15,0,1,0.1111111111111111,0.0
2018-09-16,0,0,0.0,0.0
2018-09-17,0,0,0.0,0.0
2018-09-18,0,0,0.0,0.0
2018-09-19,0,1,0.1388888888888889,0.0
2018-09-20,0,0,0.0,0.0
2018-09-21,0,0,0.0,0.0
2018-09-22,0,5,0.1388888888888889,0.0
2018-09-23,0,5,0.1388888888888889,0.0
2018-09-24,0,0,0.0,0.0
2018-09-25,0,0,0.0,0.0
2018-09-26,0,0,0.0,0.0
2018-09-27,0,0,0.0,0.0
2018-09-28,0,0,0.0,0.0
2018-09-29,0,0,0.0,0.0
2018-09-30,0,0,0.0,0.0
2018-10-01,0,0,0.0,0.0
2018-10-02,0,5,0.6944444444444444,0.0
2018-10-03,0,5,1.5277777777777777,0.0
2018-10-04,0,0,0.0,0.0
2018-10-05,0,5,0.9722222222222222,0.0
2018-10-06,0,0,0.0,0.0
2018-10-07,0,0,0.0,0.0
2018-10-08,0,0,0.0,0.0
2018-10-09,0,0,0.0,0.0
2018-10-10,0,5,0.1388888888888889,0.0
2018-10-11,0,25,6.25,0.0
2018-10-12,0,25,12.777777777777779,15.0
2018-10-13,0,25,1.4166666666666667,0.0
2018-10-14,0,0,0.0,0.0
2018-10-15,0,0,0.0,0.0
2018-10-16,0,0,0.0,0.0
2018-10-17,0,0,0.0,0.0
2018-10-18,0,0,0.0,0.0
2018-10-19,0,25,8.194444444444445,0.0
2018-10-20,0,25,5.694444444444445,2.5
2018-10-21,0,5,0.1388888888888889,0.0
2018-10-22,0,0,0.0,0.0
2018-10-23,0,0,0.0,0.0
2018-10-24,0,0,0.0,0.0
2018-10-25,0,0,0.0,0.0
2018-10-26,0,0,0.0,0.0
2018-10-27,0,0,0.0,0.0
2018-10-28,0,0,0.0,0.0
2018-10-29,0,1,0.027777777777777776,0.0
2018-10-30,0,50,20.27777777777778,10.0
2018-10-31,0,50,18.47222222222222,17.5
2018-11-01,0,10,1.2777777777777777,0.0
2018-11-02,0,50,6.944444444444445,0.0
2018-11-03,0,50,17.36111111111111,25.0
2018-11-04,0,25,6.694444444444445,0.0
2018-11-05,0,0,0.0,0.0
2018-11-06,0,0,0.0,0.0
2018-11-07,0,0,0.0,0.0
2018-11-08,0,0,0.0,0.0
2018-11-09,0,0,0.0,0.0
2018-11-10,0,0,0.0,0.0
2018-11-11,0,0,0.0,0.0
2018-11-12,0,0,0.0,0.0
2018-11-13,0,0,0.0,0.0
2018-11-14,0,0,0.0,0.0
2018-11-15,0,0,0.0,0.0
2018-11-16,0,0,0.0,0.0
2018-11-17,0,0,0.0,0.0
2018-11-18,0,0,0.0,0.0
2018-11-19,0,0,0.0,0.0
2018-11-20,0,0,0.0,0.0
2018-11-21,0,0,0.0,0.0
2018-11-22,0,0,0.0,0.0
2018-11-23,0,10,1.6666666666666667,0.0
2018-11-24,0,5,0.2777777777777778,0.0
2018-11-25,0,50,16.944444444444443,2.5
2018-11-26,0,50,22.77777777777778,5.0
2018-11-27,0,50,11.11111111111111,0.0
2018-11-28,0,100,49.861111111111114,50.0
2018-11-29,0,100,17.22222222222222,0.0
2018-11-30,0,5,1.25,0.0
2018-12-01,0,25,5.166666666666667,5.0
2018-12-02,0,25,9.38888888888889,10.0
2018-12-03,0,50,18.194444444444443,10.0
2018-12-04,0,50,21.944444444444443,25.0
2018-12-05,0,50,19.583333333333332,10.0
2018-12-06,0,10,1.5277777777777777,0.0
2018-12-07,0,25,11.25,5.0
2018-12-08,0,25,10.555555555555555,10.0
2018-12-09,0,25,1.25,0.0
2018-12-10,0,25,3.4722222222222223,0.0
2018-12-11,0,100,39.583333333333336,25.0
2018-12-12,0,50,12.36111111111111,0.0
2018-12-13,0,100,36.111111111111114,25.0
2018-12-14,0,100,26.944444444444443,17.5
2018-12-15,0,0,0.0,0.0
2018-12-16,0,0,0.0,0.0
2018-12-17,0,0,0.0,0.0
2018-12-18,0,50,28.125,30.0
2018-12-19,0,0,0.0,0.0
2018-12-20,0,0,0.0,0.0
2018-12-21,0,100,25.625,0.0
2018-12-22,0,0,0.0,0.0
2018-12-23,0,0,0.0,0.0
2018-12-24,0,0,0.0,0.0
2018-12-25,0,0,0.0,0.0
2018-12-26,0,10,2.5,0.0
2018-12-27,0,25,8.75,7.5
2018-12-28,0,0,0.0,0.0
2018-12-29,0,0,0.0,0.0
2018-12-30,0,50,17.5,10.0
2018-12-31,0,100,31.25,25.0
2019-01-01,0,0,0.0,0.0
2019-01-02,0,5,1.25,0.0
2019-01-03,0,0,0.0,0.0
2019-01-04,0,0,0.0,0.0
2019-01-05,0,0,0.0,0.0
2019-01-06,0,0,0.0,0.0
2019-01-07,0,0,0.0,0.0
2019-01-08,0,0,0.0,0.0
2019-01-09,0,0,0.0,0.0
2019-01-10,0,0,0.0,0.0
2019-01-11,0,5,0.625,0.0
2019-01-12,0,0,0.0,0.0
2019-01-13,0,0,0.0,0.0
2019-01-14,0,0,0.0,0.0
2019-01-15,0,0,0.0,0.0
2019-01-16,0,0,0.0,0.0
2019-01-17,0,0,0.0,0.0
2019-01-18,0,0,0.0,0.0
2019-01-19,0,0,0.0,0.0
2019-01-20,0,0,0.0,0.0
2019-01-21,0,0,0.0,0.0
2019-01-22,0,5,0.5833333333333334,0.0
2019-01-23,0,5,2.138888888888889,0.0
2019-01-24,0,5,0.1388888888888889,0.0
2019-01-25,0,0,0.0,0.0
2019-01-26,0,0,0.0,0.0
2019-01-27,0,0,0.0,0.0
2019-01-28,0,0,0.0,0.0
2019-01-29,0,10,1.3888888888888888,0.0
2019-01-30,0,25,4.722222222222222,0.0
2019-01-31,0,5,0.1388888888888889,0.0
2017-01-01,0,0,0.0,0.0
2017-01-02,0,0,0.0,0.0
2017-01-03,0,25,1.8055555555555556,0.0
2017-01-04,0,25,12.36111111111111,10.0
2017-01-05,0,25,2.7777777777777777,0.0
2017-01-06,0,0,0.0,0.0
2017-01-07,0,0,0.0,0.0
2017-01-08,0,10,1.3888888888888888,0.0
2017-01-09,0,50,21.666666666666668,25.0
2017-01-10,0,50,5.694444444444445,0.0
2017-01-11,0,0,0.0,0.0
2017-01-12,0,0,0.0,0.0
2017-01-13,0,0,0.0,0.0
2017-01-14,0,5,0.1388888888888889,0.0
2017-01-15,0,0,0.0,0.0
2017-01-16,0,0,0.0,0.0
2017-01-17,0,25,7.638888888888889,0.0
2017-01-18,0,25,6.527777777777778,5.0
2017-01-19,0,5,2.638888888888889,5.0
2017-01-20,0,0,0.0,0.0
2017-01-21,0,0,0.0,0.0
2017-01-22,0,0,0.0,0.0
2017-01-23,0,25,2.0833333333333335,0.0
2017-01-24,0,25,8.333333333333334,5.0
2017-01-25,0,25,4.305555555555555,5.0
2017-01-26,0,5,1.6666666666666667,0.0
2017-01-27,0,5,0.2777777777777778,0.0
2017-01-28,0,0,0.0,0.0
2017-01-29,0,25,5.416666666666667,0.0
2017-01-30,0,10,3.0,0.0
2017-01-31,0,5,0.6944444444444444,0.0
2017-02-01,0,10,2.0833333333333335,0.0
2017-02-02,0,5,0.1388888888888889,0.0
2017-02-03,0,0,0.0,0.0
2017-02-04,0,5,0.4444444444444444,0.0
2017-02-05,0,0,0.0,0.0
2017-02-06,0,0,0.0,0.0
2017-02-07,0,10,2.7777777777777777,0.0
2017-02-08,0,5,2.2222222222222223,0.0
2017-02-09,0,5,0.3888888888888889,0.0
2017-02-10,0,5,1.5277777777777777,0.0
2017-02-11,0,5,0.2777777777777778,0.0
2017-02-12,0,0,0.0,0.0
2017-02-13,0,1,0.027777777777777776,0.0
2017-02-14,0,0,0.0,0.0
2017-02-15,0,10,1.9444444444444444,0.0
2017-02-16,0,10,1.5277777777777777,0.0
2017-02-17,0,25,5.138888888888889,5.0
2017-02-18,0,10,1.5277777777777777,0.0
2017-02-19,0,5,2.1666666666666665,1.0
2017-02-20,0,5,0.8611111111111112,0.0
2017-02-21,0,0,0.0,0.0
2017-02-22,0,0,0.0,0.0
2017-02-23,0,0,0.0,0.0
2017-02-24,0,0,0.0,0.0
2017-02-25,0,5,0.6944444444444444,0.0
2017-02-26,0,25,7.638888888888889,5.0
2017-02-27,0,25,4.685714285714286,1.0
2017-02-28,0,0,0.0,0.0
2017-03-01,0,0,0.0,0.0
2017-03-02,0,0,0.0,0.0
2017-03-03,0,0,0.0,0.0
2017-03-04,0,0,0.0,0.0
2017-03-05,0,5,0.8888888888888888,0.0
2017-03-06,0,5,0.5,0.0
2017-03-07,0,0,0.0,0.0
2017-03-08,0,1,0.1388888888888889,0.0
2017-03-09,0,5,1.1111111111111112,0.0
2017-03-10,0,0,0.0,0.0
2017-03-11,0,5,0.6944444444444444,0.0
2017-03-12,0,5,0.7222222222222222,0.0
2017-03-13,0,10,2.8055555555555554,0.0
2017-03-14,0,5,2.361111111111111,0.0
2017-03-15,0,5,0.6944444444444444,0.0
2017-03-16,0,5,2.2222222222222223,1.0
2017-03-17,0,5,0.8888888888888888,0.0
2017-03-18,0,5,1.1111111111111112,0.0
2017-03-19,0,0,0.0,0.0
2017-03-20,0,0,0.0,0.0
2017-03-21,0,0,0.0,0.0
2017-03-22,0,0,0.0,0.0
2017-03-23,0,0,0.0,0.0
2017-03-24,0,0,0.0,0.0
2017-03-25,0,0,0.0,0.0
2017-03-26,0,0,0.0,0.0
2017-03-27,0,5,0.6944444444444444,0.0
2017-03-28,0,5,1.4166666666666667,0.0
2017-03-29,0,0,0.0,0.0
2017-03-30,0,0,0.0,0.0
2017-03-31,0,0,0.0,0.0
2017-04-01,0,1,0.1111111111111111,0.0
2017-04-02,0,0,0.0,0.0
2017-04-03,0,0,0.0,0.0
2017-04-04,0,0,0.0,0.0
2017-04-05,0,10,0.8333333333333334,0.0
2017-04-06,0,10,6.111111111111111,10.0
2017-04-07,0,25,3.9444444444444446,0.0
2017-04-08,0,5,1.3888888888888888,0.0
2017-04-09,0,5,1.25,0.0
2017-04-10,0,1,0.05555555555555555,0.0
2017-04-11,0,0,0.0,0.0
2017-04-12,0,0,0.0,0.0
2017-04-13,0,0,0.0,0.0
2017-04-14,0,0,0.0,0.0
2017-04-15,0,0,0.0,0.0
2017-04-16,0,25,3.4722222222222223,0.0
2017-04-17,0,25,9.583333333333334,5.0
2017-04-18,0,25,2.5277777777777777,0.0
2017-04-19,0,5,2.2222222222222223,0.0
2017-04-20,0,10,4.444444444444445,2.5
2017-04-21,0,5,1.5,0.0
2017-04-22,0,10,1.5277777777777777,0.0
2017-04-23,0,0,0.0,0.0
2017-04-24,0,0,0.0,0.0
2017-04-25,0,1,0.1111111111111111,0.0
2017-04-26,0,0,0.0,0.0
2017-04-27,0,0,0.0,0.0
2017-04-28,0,5,0.75,0.0
2017-04-29,0,1,0.08333333333333333,0.0
2017-04-30,0,0,0.0,0.0
2017-05-01,0,0,0.0,0.0
2017-05-02,0,0,0.0,0.0
2017-05-03,0,5,0.8333333333333334,0.0
2017-05-04,0,0,0.0,0.0
2017-05-05,0,0,0.0,0.0
2017-05-06,0,5,0.5555555555555556,0.0
2017-05-07,0,1,0.05555555555555555,0.0
2017-05-08,0,5,0.5277777777777778,0.0
2017-05-09,0,0,0.0,0.0
2017-05-10,0,0,0.0,0.0
2017-05-11,0,5,0.2777777777777778,0.0
2017-05-12,0,5,1.5277777777777777,0.0
2017-05-13,0,5,0.1388888888888889,0.0
2017-05-14,0,10,1.7777777777777777,0.0
2017-05-15,0,10,3.5,0.0
2017-05-16,0,0,0.0,0.0
2017-05-17,0,5,2.5,2.5
2017-05-18,0,5,0.25,0.0
2017-05-19,0,0,0.0,0.0
2017-05-20,0,25,3.0555555555555554,0.0
2017-05-21,0,25,13.055555555555555,10.0
2017-05-22,0,25,4.25,1.0
2017-05-23,0,0,0.0,0.0
2017-05-24,0,0,0.0,0.0
2017-05-25,0,5,0.4166666666666667,0.0
2017-05-26,0,5,0.4444444444444444,0.0
2017-05-27,0,0,0.0,0.0
2017-05-28,0,5,0.6944444444444444,0.0
2017-05-29,0,5,1.4166666666666667,0.0
2017-05-30,0,0,0.0,0.0
2017-05-31,0,0,0.0,0.0
2017-06-01,0,0,0.0,0.0
2017-06-02,0,0,0.0,0.0
2017-06-03,0,0,0.0,0.0
2017-06-04,0,5,0.5833333333333334,0.0
2017-06-05,0,5,0.8333333333333334,0.0
2017-06-06,0,0,0.0,0.0
2017-06-07,0,10,3.75,0.0
2017-06-08,0,10,2.4722222222222223,0.0
2017-06-09,0,10,3.638888888888889,5.0
2017-06-10,0,10,1.5277777777777777,0.0
2017-06-11,0,5,0.3055555555555556,0.0
2017-06-12,0,25,3.5555555555555554,0.0
2017-06-13,0,25,8.194444444444445,0.0
2017-06-14,0,25,0.9722222222222222,0.0
2017-06-15,0,5,0.2777777777777778,0.0
2017-06-16,0,0,0.0,0.0
2017-06-17,0,10,3.3333333333333335,0.0
2017-06-18,0,25,12.916666666666666,10.0
2017-06-19,0,25,12.36111111111111,10.0
2017-06-20,0,25,10.694444444444445,10.0
2017-06-21,0,25,8.63888888888889,7.5
2017-06-22,0,25,4.861111111111111,0.0
2017-06-23,0,10,0.9722222222222222,0.0
2017-06-24,0,50,11.38888888888889,0.0
2017-06-25,0,50,13.333333333333334,5.0
2017-06-26,0,0,0.0,0.0
2017-06-27,0,0,0.0,0.0
2017-06-28,0,0,0.0,0.0
2017-06-29,0,0,0.0,0.0
2017-06-30,0,0,0.0,0.0
2017-07-01,0,5,0.4166666666666667,0.0
2017-07-02,0,0,0.0,0.0
2017-07-03,0,10,3.0555555555555554,0.0
2017-07-04,0,25,6.805555555555555,5.0
2017-07-05,0,0,0.0,0.0
2017-07-06,0,5,0.1388888888888889,0.0
2017-07-07,0,100,18.47222222222222,0.0
2017-07-08,0,50,21.25,10.0
2017-07-09,0,50,2.7777777777777777,0.0
2017-07-10,0,0,0.0,0.0
2017-07-11,0,0,0.0,0.0
2017-07-12,0,0,0.0,0.0
2017-07-13,0,50,6.25,0.0
2017-07-14,0,50,23.61111111111111,25.0
2017-07-15,0,50,5.138888888888889,0.0
2017-07-16,0,0,0.0,0.0
2017-07-17,0,0,0.0,0.0
2017-07-18,0,1,0.1111111111111111,0.0
2017-07-19,0,5,0.3611111111111111,0.0
2017-07-20,0,0,0.0,0.0
2017-07-21,0,0,0.0,0.0
2017-07-22,0,5,1.3333333333333333,0.0
2017-07-23,0,5,2.0,0.0
2017-07-24,0,0,0.0,0.0
2017-07-25,0,50,11.11111111111111,0.0
2017-07-26,0,25,5.416666666666667,0.0
2017-07-27,0,0,0.0,0.0
2017-07-28,0,0,0.0,0.0
2017-07-29,0,0,0.0,0.0
2017-07-30,0,10,2.0833333333333335,0.0
2017-07-31,0,5,0.9722222222222222,0.0
2017-08-01,0,5,1.7777777777777777,0.0
2017-08-02,0,5,1.6944444444444444,0.0
2017-08-03,0,0,0.0,0.0
2017-08-04,0,0,0.0,0.0
2017-08-05,0,0,0.0,0.0
2017-08-06,0,0,0.0,0.0
2017-08-07,0,0,0.0,0.0
2017-08-08,0,0,0.0,0.0
2017-08-09,0,25,8.333333333333334,0.0
2017-08-10,0,25,8.25,5.0
2017-08-11,0,5,1.8333333333333333,1.0
2017-08-12,0,5,2.138888888888889,1.0
2017-08-13,0,5,0.8333333333333334,0.0
2017-08-14,0,0,0.0,0.0
2017-08-15,0,0,0.0,0.0
2017-08-16,0,0,0.0,0.0
2017-08-17,0,0,0.0,0.0
2017-08-18,0,0,0.0,0.0
2017-08-19,0,0,0.0,0.0
2017-08-20,0,0,0.0,0.0
2017-08-21,0,0,0.0,0.0
2017-08-22,0,0,0.0,0.0
2017-08-23,0,10,1.3888888888888888,0.0
2017-08-24,0,10,5.0,5.0
2017-08-25,0,10,2.6666666666666665,0.0
2017-08-26,0,5,2.2222222222222223,0.0
2017-08-27,0,5,1.8611111111111112,1.0
2017-08-28,0,5,0.7777777777777778,0.0
2017-08-29,0,1,0.05555555555555555,0.0
2017-08-30,0,0,0.0,0.0
2017-08-31,0,0,0.0,0.0
2017-09-01,0,0,0.0,0.0
2017-09-02,0,1,0.027777777777777776,0.0
2017-09-03,0,5,1.7777777777777777,1.0
2017-09-04,0,1,0.19444444444444445,0.0
2017-09-05,0,0,0.0,0.0
2017-09-06,0,0,0.0,0.0
2017-09-07,0,0,0.0,0.0
2017-09-08,0,0,0.0,0.0
2017-09-09,0,1,0.1388888888888889,0.0
2017-09-10,0,1,0.6111111111111112,1.0
2017-09-11,0,1,0.16666666666666666,0.0
2017-09-12,0,0,0.0,0.0
2017-09-13,0,0,0.0,0.0
2017-09-14,0,0,0.0,0.0
2017-09-15,0,0,0.0,0.0
2017-09-16,0,0,0.0,0.0
2017-09-17,0,0,0.0,0.0
2017-09-18,0,0,0.0,0.0
2017-09-19,0,0,0.0,0.0
2017-09-20,0,0,0.0,0.0
2017-09-21,0,0,0.0,0.0
2017-09-22,0,0,0.0,0.0
2017-09-23,0,5,0.4117647058823529,0.0
2017-09-24,0,5,0.6911764705882353,0.0
2017-09-25,0,0,0.0,0.0
2017-09-26,0,0,0.0,0.0
2017-09-27,0,0,0.0,0.0
2017-09-28,0,0,0.0,0.0
2017-09-29,0,0,0.0,0.0
2017-09-30,0,0,0.0,0.0
2017-10-01,0,0,0.0,0.0
2017-10-02,0,0,0.0,0.0
2017-10-03,0,0,0.0,0.0
2017-10-04,0,0,0.0,0.0
2017-10-05,0,5,1.1764705882352942,0.0
2017-10-06,0,5,1.6764705882352942,1.0
2017-10-07,0,0,0.0,0.0
2017-10-08,0,0,0.0,0.0
2017-10-09,0,0,0.0,0.0
2017-10-10,0,5,0.7352941176470589,0.0
2017-10-11,0,5,2.426470588235294,0.0
2017-10-12,0,0,0.0,0.0
2017-10-13,0,1,0.10294117647058823,0.0
2017-10-14,0,0,0.0,0.0
2017-10-15,0,0,0.0,0.0
2017-10-16,0,5,1.411764705882353,0.0
2017-10-17,0,0,0.0,0.0
2017-10-18,0,20,6.529411764705882,5.0
2017-10-19,0,0,0.0,0.0
2017-10-20,0,0,0.0,0.0
2017-10-21,0,0,0.0,0.0
2017-10-22,0,0,0.0,0.0
2017-10-23,0,0,0.0,0.0
2017-10-24,0,5,0.9705882352941176,0.0
2017-10-25,0,5,1.4852941176470589,0.0
2017-10-26,0,0,0.0,0.0
2017-10-27,0,0,0.0,0.0
2017-10-28,0,0,0.0,0.0
2017-10-29,0,0,0.0,0.0
2017-10-30,0,0,0.0,0.0
2017-10-31,0,0,0.0,0.0
2017-11-01,0,0,0.0,0.0
2017-11-02,0,0,0.0,0.0
2017-11-03,0,0,0.0,0.0
2017-11-04,0,0,0.0,0.0
2017-11-05,0,0,0.0,0.0
2017-11-06,0,0,0.0,0.0
2017-11-07,0,0,0.0,0.0
2017-11-08,0,0,0.0,0.0
2017-11-09,0,0,0.0,0.0
2017-11-10,0,0,0.0,0.0
2017-11-11,0,0,0.0,0.0
2017-11-12,0,0,0.0,0.0
2017-11-13,0,0,0.0,0.0
2017-11-14,0,0,0.0,0.0
2017-11-15,0,0,0.0,0.0
2017-11-16,0,0,0.0,0.0
2017-11-17,0,0,0.0,0.0
2017-11-18,0,0,0.0,0.0
2017-11-19,0,0,0.0,0.0
2017-11-20,0,0,0.0,0.0
2017-11-21,0,5,1.2,0.0
2017-11-22,0,0,0.0,0.0
2017-11-23,0,5,0.14473684210526316,0.0
2017-11-24,0,0,0.0,0.0
2017-11-25,0,0,0.0,0.0
2017-11-26,0,0,0.0,0.0
2017-11-27,0,0,0.0,0.0
2017-11-28,0,0,0.0,0.0
2017-11-29,0,0,0.0,0.0
2017-11-30,0,0,0.0,0.0
2017-12-01,0,5,0.06578947368421052,0.0
2017-12-02,0,0,0.0,0.0
2017-12-03,0,0,0.0,0.0
2017-12-04,0,0,0.0,0.0
2017-12-05,0,5,1.9736842105263157,0.0
2017-12-06,0,0,0.0,0.0
2017-12-07,0,0,0.0,0.0
2017-12-08,0,0,0.0,0.0
2017-12-09,0,0,0.0,0.0
2017-12-10,0,0,0.0,0.0
2017-12-11,0,0,0.0,0.0
2017-12-12,0,0,0.0,0.0
2017-12-13,0,0,0.0,0.0
2017-12-14,0,5,1.0526315789473684,0.0
2017-12-15,5,10,5.526315789473684,5.0
2017-12-16,0,10,5.7894736842105265,5.0
2017-12-17,0,5,0.881578947368421,0.0
2017-12-18,0,0,0.0,0.0
2017-12-19,0,0,0.0,0.0
2017-12-20,0,5,0.8552631578947368,0.0
2017-12-21,0,0,0.0,0.0
2017-12-22,0,10,1.855263157894737,0.0
2017-12-23,0,0,0.0,0.0
2017-12-24,0,0,0.0,0.0
2017-12-25,0,5,1.2894736842105263,0.0
2017-12-26,0,1,0.10526315789473684,0.0
2017-12-27,0,0,0.0,0.0
2017-12-28,0,0,0.0,0.0
2017-12-29,0,20,9.078947368421053,5.0
2017-12-30,0,0,0.0,0.0
2017-12-31,0,0,0.0,0.0
2018-01-01,0,0,0.0,0.0
2018-01-02,0,0,0.0,0.0
2018-01-03,0,0,0.0,0.0
2018-01-04,0,0,0.0,0.0
2018-01-05,0,0,0.0,0.0
2018-01-06,0,0,0.0,0.0
2018-01-07,0,0,0.0,0.0
2018-01-08,0,0,0.0,0.0
2018-01-09,0,0,0.0,0.0
2018-01-10,0,0,0.0,0.0
2018-01-11,0,0,0.0,0.0
2018-01-12,0,40,8.421052631578947,5.0
2018-01-13,0,0,0.0,0.0
2018-01-14,0,0,0.0,0.0
2018-01-15,0,0,0.0,0.0
2018-01-16,0,0,0.0,0.0
2018-01-17,0,0,0.0,0.0
2018-01-18,0,0,0.0,0.0
2018-01-19,0,0,0.0,0.0
2018-01-20,0,5,2.8289473684210527,5.0
2018-01-21,0,10,1.5789473684210527,0.0
2018-01-22,0,0,0.0,0.0
2018-01-23,0,0,0.0,0.0
2018-01-24,0,0,0.0,0.0
2018-01-25,0,0,0.0,0.0
2018-01-26,0,0,0.0,0.0
2018-01-27,0,5,0.5263157894736842,0.0
2018-01-28,0,10,2.276315789473684,0.0
2018-01-29,0,10,2.039473684210526,0.0
2018-01-30,0,10,1.9210526315789473,0.0
2018-01-31,0,5,0.9210526315789473,0.0
2016-01-01,0,0,0.0,0.0
2016-01-02,0,0,0.0,0.0
2016-01-03,0,0,0.0,0.0
2016-01-04,0,5,0.32894736842105265,0.0
2016-01-05,0,10,0.7236842105263158,0.0
2016-01-06,0,0,0.0,0.0
2016-01-07,0,10,2.1052631578947367,0.0
2016-01-08,0,10,1.9078947368421053,0.0
2016-01-09,0,10,2.8421052631578947,1.0
2016-01-10,0,10,3.4210526315789473,0.0
2016-01-11,0,10,0.5263157894736842,0.0
2016-01-12,0,0,0.0,0.0
2016-01-13,0,0,0.0,0.0
2016-01-14,0,0,0.0,0.0
2016-01-15,0,5,1.9736842105263157,0.0
2016-01-16,0,0,0.0,0.0
2016-01-17,0,0,0.0,0.0
2016-01-18,0,0,0.0,0.0
2016-01-19,0,10,3.4210526315789473,0.0
2016-01-20,0,20,12.789473684210526,10.0
2016-01-21,0,20,6.118421052631579,5.0
2016-01-22,0,0,0.0,0.0
2016-01-23,0,10,3.1578947368421053,0.0
2016-01-24,0,5,0.7894736842105263,0.0
2016-01-25,0,0,0.0,0.0
2016-01-26,0,1,0.05263157894736842,0.0
2016-01-27,0,20,1.3157894736842106,0.0
2016-01-28,0,0,0.0,0.0
2016-01-29,0,0,0.0,0.0
2016-01-30,0,5,0.35526315789473684,0.0
2016-01-31,0,0,0.0,0.0
2016-02-01,0,0,0.0,0.0
2016-02-02,0,0,0.0,0.0
2016-02-03,0,20,4.7368421052631575,5.0
2016-02-04,0,20,6.184210526315789,5.0
2016-02-05,0,10,2.236842105263158,0.0
2016-02-06,0,20,2.5,0.0
2016-02-07,0,20,14.144736842105264,15.0
2016-02-08,0,10,1.1842105263157894,0.0
2016-02-09,0,0,0.0,0.0
2016-02-10,0,10,1.7763157894736843,0.0
2016-02-11,0,10,2.4342105263157894,0.0
2016-02-12,0,10,2.3026315789473686,0.0
2016-02-13,0,0,0.0,0.0
2016-02-14,0,0,0.0,0.0
2016-02-15,0,10,1.513157894736842,0.0
2016-02-16,0,0,0.0,0.0
2016-02-17,0,0,0.0,0.0
2016-02-18,0,5,0.8026315789473685,0.0
2016-02-19,0,70,11.18421052631579,0.0
2016-02-20,0,70,22.43421052631579,10.0
2016-02-21,0,5,0.2631578947368421,0.0
2016-02-22,0,0,0.0,0.0
2016-02-23,0,0,0.0,0.0
2016-02-24,0,0,0.0,0.0
2016-02-25,0,0,0.0,0.0
2016-02-26,0,0,0.0,0.0
2016-02-27,0,0,0.0,0.0
2016-02-28,0,0,0.0,0.0
2016-02-29,0,0,0.0,0.0
2016-03-01,0,0,0.0,0.0
2016-03-02,0,0,0.0,0.0
2016-03-03,0,0,0.0,0.0
2016-03-04,0,0,0.0,0.0
2016-03-05,0,0,0.0,0.0
2016-03-06,0,0,0.0,0.0
2016-03-07,0,0,0.0,0.0
2016-03-08,0,0,0.0,0.0
2016-03-09,0,0,0.0,0.0
2016-03-10,0,0,0.0,0.0
2016-03-11,0,40,5.4605263157894735,0.0
2016-03-12,0,70,15.131578947368421,0.0
2016-03-13,0,0,0.0,0.0
2016-03-14,0,0,0.0,0.0
2016-03-15,0,0,0.0,0.0
2016-03-16,0,5,0.5394736842105263,0.0
2016-03-17,0,10,2.039473684210526,0.0
2016-03-18,0,0,0.0,0.0
2016-03-19,0,0,0.0,0.0
2016-03-20,0,10,1.9090909090909092,0.0
2016-03-21,0,10,1.74,0.0
2016-03-22,0,0,0.0,0.0
2016-03-23,0,0,0.0,0.0
2016-03-24,0,0,0.0,0.0
2016-03-25,0,0,0.0,0.0
2016-03-26,0,0,0.0,0.0
2016-03-27,0,0,0.0,0.0
2016-03-28,0,0,0.0,0.0
2016-03-29,0,0,0.0,0.0
2016-03-30,0,0,0.0,0.0
2016-03-31,0,0,0.0,0.0
2016-04-01,0,0,0.0,0.0
2016-04-02,0,0,0.0,0.0
2016-04-03,0,10,1.5789473684210527,0.0
2016-04-04,0,10,1.25,0.0
2016-04-05,0,0,0.0,0.0
2016-04-06,0,0,0.0,0.0
2016-04-07,0,20,2.736842105263158,0.0
2016-04-08,0,20,10.657894736842104,10.0
2016-04-09,0,20,4.342105263157895,5.0
2016-04-10,0,0,0.0,0.0
2016-04-11,0,0,0.0,0.0
2016-04-12,0,0,0.0,0.0
2016-04-13,0,0,0.0,0.0
2016-04-14,0,5,1.3157894736842106,0.0
2016-04-15,0,0,0.0,0.0
2016-04-16,0,0,0.0,0.0
2016-04-17,0,0,0.0,0.0
2016-04-18,0,0,0.0,0.0
2016-04-19,0,10,2.625,0.0
2016-04-20,0,10,0.7870370370370371,0.0
2016-04-21,0,5,0.39215686274509803,0.0
2016-04-22,0,0,0.0,0.0
2016-04-23,0,0,0.0,0.0
2016-04-24,0,0,0.0,0.0
2016-04-25,0,0,0.0,0.0
2016-04-26,0,0,0.0,0.0
2016-04-27,0,0,0.0,0.0
2016-04-28,0,0,0.0,0.0
2016-04-29,0,10,1.4473684210526316,0.0
2016-04-30,0,5,0.5263157894736842,0.0
2016-05-01,0,0,0.0,0.0
2016-05-02,0,0,0.0,0.0
2016-05-03,0,0,0.0,0.0
2016-05-04,0,10,2.6973684210526314,1.0
2016-05-05,0,0,0.0,0.0
2016-05-06,0,0,0.0,0.0
2016-05-07,0,0,0.0,0.0
2016-05-08,0,0,0.0,0.0
2016-05-09,0,5,1.6842105263157894,1.0
2016-05-10,0,5,0.21052631578947367,0.0
2016-05-11,0,0,0.0,0.0
2016-05-12,0,0,0.0,0.0
2016-05-13,0,0,0.0,0.0
2016-05-14,0,0,0.0,0.0
2016-05-15,0,0,0.0,0.0
2016-05-16,0,20,6.078947368421052,5.0
2016-05-17,0,0,0.0,0.0
2016-05-18,0,5,2.276315789473684,1.0
2016-05-19,0,1,0.21875,0.0
2016-05-20,0,1,0.022727272727272728,0.0
2016-05-21,0,1,0.16,0.0
2016-05-22,0,1,0.05714285714285714,0.0
2016-05-23,0,0,0.0,0.0
2016-05-24,0,0,0.0,0.0
2016-05-25,0,0,0.0,0.0
2016-05-26,0,5,0.9605263157894737,0.0
2016-05-27,0,5,0.2631578947368421,0.0
2016-05-28,0,0,0.0,0.0
2016-05-29,0,5,2.1052631578947367,0.0
2016-05-30,0,0,0.0,0.0
2016-05-31,0,5,0.8947368421052632,0.0
2016-06-01,0,0,0.0,0.0
2016-06-02,0,0,0.0,0.0
2016-06-03,0,10,4.052631578947368,5.0
2016-06-04,0,0,0.0,0.0
2016-06-05,0,0,0.0,0.0
2016-06-06,0,0,0.0,0.0
2016-06-07,0,5,2.289473684210526,0.5
2016-06-08,0,0,0.0,0.0
2016-06-09,0,0,0.0,0.0
2016-06-10,0,5,0.6578947368421053,0.0
2016-06-11,0,5,0.2631578947368421,0.0
2016-06-12,0,0,0.0,0.0
2016-06-13,0,0,0.0,0.0
2016-06-14,0,0,0.0,0.0
2016-06-15,0,0,0.0,0.0
2016-06-16,0,0,0.0,0.0
2016-06-17,0,0,0.0,0.0
2016-06-18,0,5,0.5263157894736842,0.0
2016-06-19,0,5,1.3289473684210527,0.0
2016-06-20,0,0,0.0,0.0
2016-06-21,0,1,0.25,0.0
2016-06-22,0,0,0.0,0.0
2016-06-23,0,0,0.0,0.0
2016-06-24,0,0,0.0,0.0
2016-06-25,0,0,0.0,0.0
2016-06-26,0,0,0.0,0.0
2016-06-27,0,10,3.75,0.0
2016-06-28,0,0,0.0,0.0
2016-06-29,0,0,0.0,0.0
2016-06-30,0,0,0.0,0.0
2016-07-01,0,0,0.0,0.0
2016-07-02,0,0,0.0,0.0
2016-07-03,0,0,0.0,0.0
2016-07-04,0,0,0.0,0.0
2016-07-05,0,0,0.0,0.0
2016-07-06,0,0,0.0,0.0
2016-07-07,0,0,0.0,0.0
2016-07-08,0,5,0.7105263157894737,0.0
2016-07-09,0,0,0.0,0.0
2016-07-10,0,5,1.9736842105263157,0.0
2016-07-11,0,0,0.0,0.0
2016-07-12,0,0,0.0,0.0
2016-07-13,0,5,1.0,0.0
2016-07-14,0,1,0.10526315789473684,0.0
2016-07-15,0,0,0.0,0.0
2016-07-16,0,0,0.0,0.0
2016-07-17,0,5,2.9078947368421053,5.0
2016-07-18,0,0,0.0,0.0
2016-07-19,0,0,0.0,0.0
2016-07-20,0,0,0.0,0.0
2016-07-21,0,0,0.0,0.0
2016-07-22,0,0,0.0,0.0
2016-07-23,0,0,0.0,0.0
2016-07-24,0,0,0.0,0.0
2016-07-25,0,0,0.0,0.0
2016-07-26,0,0,0.0,0.0
2016-07-27,0,0,0.0,0.0
2016-07-28,0,0,0.0,0.0
2016-07-29,0,0,0.0,0.0
2016-07-30,0,0,0.0,0.0
2016-07-31,0,0,0.0,0.0
2016-08-01,0,1,0.013157894736842105,0.0
2016-08-02,0,0,0.0,0.0
2016-08-03,0,0,0.0,0.0
2016-08-04,0,0,0.0,0.0
2016-08-05,0,0,0.0,0.0
2016-08-06,0,0,0.0,0.0
2016-08-07,0,5,1.2894736842105263,0.0
2016-08-08,0,10,5.723684210526316,5.0
2016-08-09,0,1,0.2894736842105263,0.0
2016-08-10,0,0,0.0,0.0
2016-08-11,0,0,0.0,0.0
2016-08-12,0,0,0.0,0.0
2016-08-13,0,5,3.8421052631578947,5.0
2016-08-14,0,0,0.0,0.0
2016-08-15,0,0,0.0,0.0
2016-08-16,0,0,0.0,0.0
2016-08-17,0,5,1.1710526315789473,0.0
2016-08-18,0,0,0.0,0.0
2016-08-19,0,0,0.0,0.0
2016-08-20,0,5,0.631578947368421,0.0
2016-08-21,0,0,0.0,0.0
2016-08-22,0,0,0.0,0.0
2016-08-23,0,10,2.5,0.5
2016-08-24,0,0,0.0,0.0
2016-08-25,0,0,0.0,0.0
2016-08-26,0,0,0.0,0.0
2016-08-27,0,0,0.0,0.0
2016-08-28,0,0,0.0,0.0
2016-08-29,0,0,0.0,0.0
2016-08-30,0,0,0.0,0.0
2016-08-31,0,0,0.0,0.0
2016-09-01,0,5,0.5921052631578947,0.0
2016-09-02,0,0,0.0,0.0
2016-09-03,0,0,0.0,0.0
2016-09-04,0,0,0.0,0.0
2016-09-05,0,0,0.0,0.0
2016-09-06,0,0,0.0,0.0
2016-09-07,0,10,3.6710526315789473,1.0
2016-09-08,0,0,0.0,0.0
2016-09-09,0,0,0.0,0.0
2016-09-10,0,0,0.0,0.0
2016-09-11,0,0,0.0,0.0
2016-09-12,0,0,0.0,0.0
2016-09-13,0,0,0.0,0.0
2016-09-14,0,0,0.0,0.0
2016-09-15,0,0,0.0,0.0
2016-09-16,0,0,0.0,0.0
2016-09-17,0,5,1.105263157894737,0.0
2016-09-18,0,1,0.10526315789473684,0.0
2016-09-19,0,0,0.0,0.0
2016-09-20,0,5,2.5,1.0
2016-09-21,0,0,0.0,0.0
2016-09-22,0,40,11.710526315789474,5.0
2016-09-23,0,0,0.0,0.0
2016-09-24,0,5,1.131578947368421,0.0
2016-09-25,0,5,0.5263157894736842,0.0
2016-09-26,0,0,0.0,0.0
2016-09-27,0,0,0.0,0.0
2016-09-28,0,0,0.0,0.0
2016-09-29,0,0,0.0,0.0
2016-09-30,0,0,0.0,0.0
2016-10-01,0,0,0.0,0.0
2016-10-02,0,0,0.0,0.0
2016-10-03,0,5,1.605263157894737,0.0
2016-10-04,0,5,3.1184210526315788,5.0
2016-10-05,0,0,0.0,0.0
2016-10-06,0,5,2.4342105263157894,0.0
2016-10-07,0,0,0.0,0.0
2016-10-08,0,20,1.263157894736842,0.0
2016-10-09,1,10,6.7368421052631575,5.0
2016-10-10,0,5,1.131578947368421,0.0
2016-10-11,0,0,0.0,0.0
2016-10-12,0,1,0.23684210526315788,0.0
2016-10-13,0,0,0.0,0.0
2016-10-14,0,0,0.0,0.0
2016-10-15,0,0,0.0,0.0
2016-10-16,0,0,0.0,0.0
2016-10-17,0,0,0.0,0.0
2016-10-18,0,0,0.0,0.0
2016-10-19,0,5,0.3026315789473684,0.0
2016-10-20,0,0,0.0,0.0
2016-10-21,0,0,0.0,0.0
2016-10-22,0,5,1.9736842105263157,0.0
2016-10-23,0,5,0.6052631578947368,0.0
2016-10-24,0,0,0.0,0.0
2016-10-25,0,0,0.0,0.0
2016-10-26,0,0,0.0,0.0
2016-10-27,0,0,0.0,0.0
2016-10-28,0,0,0.0,0.0
2016-10-29,0,0,0.0,0.0
2016-10-30,0,0,0.0,0.0
2016-10-31,0,40,10.328947368421053,7.5
2016-11-01,0,5,1.381578947368421,0.0
2016-11-02,0,0,0.0,0.0
2016-11-03,0,0,0.0,0.0
2016-11-04,0,0,0.0,0.0
2016-11-05,0,0,0.0,0.0
2016-11-06,0,0,0.0,0.0
2016-11-07,0,0,0.0,0.0
2016-11-08,0,1,0.02631578947368421,0.0
2016-11-09,0,0,0.0,0.0
2016-11-10,0,0,0.0,0.0
2016-11-11,0,0,0.0,0.0
2016-11-12,0,0,0.0,0.0
2016-11-13,0,0,0.0,0.0
2016-11-14,0,0,0.0,0.0
2016-11-15,0,0,0.0,0.0
2016-11-16,0,0,0.0,0.0
2016-11-17,0,0,0.0,0.0
2016-11-18,0,5,0.07894736842105263,0.0
2016-11-19,0,0,0.0,0.0
2016-11-20,0,0,0.0,0.0
2016-11-21,0,0,0.0,0.0
2016-11-22,0,0,0.0,0.0
2016-11-23,0,0,0.0,0.0
2016-11-24,0,10,4.434210526315789,5.0
2016-11-25,0,5,0.06578947368421052,0.0
2016-11-26,0,20,4.2105263157894735,0.0
2016-11-27,0,20,2.4473684210526314,0.0
2016-11-28,0,0,0.0,0.0
2016-11-29,0,0,0.0,0.0
2016-11-30,0,20,1.644736842105263,0.0
2016-12-01,0,0,0.0,0.0
2016-12-02,0,10,4.605263157894737,5.0
2016-12-03,0,40,7.434210526315789,5.0
2016-12-04,0,0,0.0,0.0
2016-12-05,0,0,0.0,0.0
2016-12-06,0,0,0.0,0.0
2016-12-07,0,0,0.0,0.0
2016-12-08,0,10,1.5789473684210527,0.0
2016-12-09,0,10,4.2105263157894735,0.0
2016-12-10,0,0,0.0,0.0
2016-12-11,0,0,0.0,0.0
2016-12-12,0,5,0.2631578947368421,0.0
2016-12-13,0,5,1.5789473684210527,0.0
2016-12-14,0,1,0.013157894736842105,0.0
2016-12-15,0,5,0.13157894736842105,0.0
2016-12-16,0,0,0.0,0.0
2016-12-17,0,0,0.0,0.0
2016-12-18,0,5,1.0526315789473684,0.0
2016-12-19,0,0,0.0,0.0
2016-12-20,0,5,0.8421052631578947,0.0
2016-12-21,0,10,2.9473684210526314,5.0
2016-12-22,0,0,0.0,0.0
2016-12-23,0,0,0.0,0.0
2016-12-24,0,10,1.1842105263157894,0.0
2016-12-25,10,20,17.36842105263158,20.0
2016-12-26,0,20,5.131578947368421,5.0
2016-12-27,0,0,0.0,0.0
2016-12-28,0,0,0.0,0.0
2016-12-29,0,0,0.0,0.0
2016-12-30,0,0,0.0,0.0
2016-12-31,0,5,0.618421052631579,0.0
2015-01-01,0,5,1.118421052631579,0.0
2015-01-02,0,10,3.5526315789473686,5.0
2015-01-03,0,10,2.763157894736842,5.0
2015-01-04,0,20,4.5394736842105265,0.0
2015-01-05,0,40,16.82894736842105,15.0
2015-01-06,0,40,7.934210526315789,5.0
2015-01-07,0,20,5.065789473684211,5.0
2015-01-08,0,10,0.13157894736842105,0.0
2015-01-09,0,5,0.9210526315789473,0.0
2015-01-10,0,10,1.0526315789473684,0.0
2015-01-11,0,40,5.723684210526316,0.0
2015-01-12,0,10,1.3157894736842106,0.0
2015-01-13,0,1,0.05263157894736842,0.0
2015-01-14,0,10,2.5657894736842106,0.0
2015-01-15,0,5,1.7763157894736843,0.0
2015-01-16,0,5,0.19736842105263158,0.0
2015-01-17,0,0,0.0,0.0
2015-01-18,0,5,0.2631578947368421,0.0
2015-01-19,0,0,0.0,0.0
2015-01-20,0,0,0.0,0.0
2015-01-21,0,10,1.3157894736842106,0.0
2015-01-22,0,0,0.0,0.0
2015-01-23,0,0,0.0,0.0
2015-01-24,0,0,0.0,0.0
2015-01-25,0,0,0.0,0.0
2015-01-26,0,10,0.32894736842105265,0.0
2015-01-27,0,0,0.0,0.0
2015-01-28,0,0,0.0,0.0
2015-01-29,0,40,4.0131578947368425,0.0
2015-01-30,0,0,0.0,0.0
2015-01-31,0,0,0.0,0.0
2015-02-01,0,0,0.0,0.0
2015-02-02,0,10,1.1842105263157894,0.0
2015-02-03,0,10,1.6973684210526316,0.0
2015-02-04,0,5,0.06578947368421052,0.0
2015-02-05,0,0,0.0,0.0
2015-02-06,0,5,1.3157894736842106,0.0
2015-02-07,0,20,7.394736842105263,5.0
2015-02-08,0,5,0.9210526315789473,0.0
2015-02-09,0,0,0.0,0.0
2015-02-10,0,5,0.06578947368421052,0.0
2015-02-11,0,0,0.0,0.0
2015-02-12,0,0,0.0,0.0
2015-02-13,0,5,0.13157894736842105,0.0
2015-02-14,0,5,0.2631578947368421,0.0
2015-02-15,0,10,3.6973684210526314,5.0
2015-02-16,0,5,1.9078947368421053,0.0
2015-02-17,0,5,0.5263157894736842,0.0
2015-02-18,0,10,2.5657894736842106,0.0
2015-02-19,0,5,0.19736842105263158,0.0
2015-02-20,0,0,0.0,0.0
2015-02-21,0,0,0.0,0.0
2015-02-22,0,0,0.0,0.0
2015-02-23,0,0,0.0,0.0
2015-02-24,0,10,1.1842105263157894,0.0
2015-02-25,0,0,0.0,0.0
2015-02-26,0,0,0.0,0.0
2015-02-27,0,0,0.0,0.0
2015-02-28,0,0,0.0,0.0
2015-03-01,0,0,0.0,0.0
2015-03-02,0,0,0.0,0.0
2015-03-03,0,0,0.0,0.0
2015-03-04,0,0,0.0,0.0
2015-03-05,0,0,0.0,0.0
2015-03-06,0,0,0.0,0.0
2015-03-07,0,0,0.0,0.0
2015-03-08,0,0,0.0,0.0
2015-03-09,0,0,0.0,0.0
2015-03-10,0,0,0.0,0.0
2015-03-11,0,0,0.0,0.0
2015-03-12,0,0,0.0,0.0
2015-03-13,0,0,0.0,0.0
2015-03-14,0,0,0.0,0.0
2015-03-15,0,5,1.0526315789473684,0.0
2015-03-16,0,20,5.9868421052631575,0.0
2015-03-17,0,0,0.0,0.0
2015-03-18,0,0,0.0,0.0
2015-03-19,0,0,0.0,0.0
2015-03-20,0,0,0.0,0.0
2015-03-21,0,0,0.0,0.0
2015-03-22,0,0,0.0,0.0
2015-03-23,0,0,0.0,0.0
2015-03-24,0,1,0.10526315789473684,0.0
2015-03-25,0,10,3.026315789473684,5.0
2015-03-26,0,5,2.5657894736842106,5.0
2015-03-27,0,0,0.0,0.0
2015-03-28,0,0,0.0,0.0
2015-03-29,0,0,0.0,0.0
2015-03-30,0,0,0.0,0.0
2015-03-31,0,0,0.0,0.0
2015-04-01,0,0,0.0,0.0
2015-04-02,0,0,0.0,0.0
2015-04-03,0,0,0.0,0.0
2015-04-04,0,0,0.0,0.0
2015-04-05,0,0,0.0,0.0
2015-04-06,0,0,0.0,0.0
2015-04-07,0,5,0.631578947368421,0.0
2015-04-08,0,5,0.06578947368421052,0.0
2015-04-09,0,0,0.0,0.0
2015-04-10,0,20,4.342105263157895,0.0
2015-04-11,0,10,1.7763157894736843,0.0
2015-04-12,0,0,0.0,0.0
2015-04-13,0,5,1.4342105263157894,0.0
2015-04-14,0,0,0.0,0.0
2015-04-15,0,0,0.0,0.0
2015-04-16,0,0,0.0,0.0
2015-04-17,0,0,0.0,0.0
2015-04-18,0,0,0.0,0.0
2015-04-19,0,0,0.0,0.0
2015-04-20,0,0,0.0,0.0
2015-04-21,0,5,1.8421052631578947,0.0
2015-04-22,5,20,9.473684210526315,5.0
2015-04-23,1,10,5.684210526315789,5.0
2015-04-24,0,5,0.2631578947368421,0.0
2015-04-25,0,0,0.0,0.0
2015-04-26,0,0,0.0,0.0
2015-04-27,0,0,0.0,0.0
2015-04-28,0,20,5.657894736842105,5.0
2015-04-29,0,5,0.75,0.0
2015-04-30,0,0,0.0,0.0
2015-05-01,0,5,1.644736842105263,0.0
2015-05-02,0,1,0.05263157894736842,0.0
2015-05-03,0,5,1.4473684210526316,0.0
2015-05-04,0,5,0.5,0.0
2015-05-05,0,0,0.0,0.0
2015-05-06,0,0,0.0,0.0
2015-05-07,0,10,2.1184210526315788,0.0
2015-05-08,0,5,1.1842105263157894,0.0
2015-05-09,0,5,1.6578947368421053,0.5
2015-05-10,0,5,2.710526315789474,3.0
2015-05-11,0,0,0.0,0.0
2015-05-12,0,1,0.039473684210526314,0.0
2015-05-13,0,5,0.4605263157894737,0.0
2015-05-14,0,5,2.210526315789474,1.0
2015-05-15,0,0,0.0,0.0
2015-05-16,0,0,0.0,0.0
2015-05-17,0,10,4.723684210526316,5.0
2015-05-18,0,5,2.8289473684210527,5.0
2015-05-19,0,0,0.0,0.0
2015-05-20,0,0,0.0,0.0
2015-05-21,0,0,0.0,0.0
2015-05-22,0,0,0.0,0.0
2015-05-23,0,0,0.0,0.0
2015-05-24,0,0,0.0,0.0
2015-06-01,0,1,0.039473684210526314,0.0
2015-06-02,0,0,0.0,0.0
2015-06-03,0,0,0.0,0.0
2015-06-04,0,0,0.0,0.0
2015-06-05,0,5,2.3684210526315788,1.0
2015-06-06,0,1,0.013157894736842105,0.0
2015-06-07,0,5,0.13157894736842105,0.0
2015-06-08,0,0,0.0,0.0
2015-06-09,0,0,0.0,0.0
2015-06-10,0,0,0.0,0.0
2015-06-11,0,5,0.631578947368421,0.0
2015-06-12,0,5,0.4473684210526316,0.0
2015-06-13,0,0,0.0,0.0
2015-06-14,0,1,0.06578947368421052,0.0
2015-06-15,0,0,0.0,0.0
2015-06-16,0,5,0.7763157894736842,0.0
2015-06-17,0,1,0.013157894736842105,0.0
2015-06-18,0,0,0.0,0.0
2015-06-19,0,0,0.0,0.0
2015-06-20,0,0,0.0,0.0
2015-06-21,0,5,2.6578947368421053,3.0
2015-06-22,0,0,0.0,0.0
2015-06-23,0,0,0.0,0.0
2015-06-24,0,0,0.0,0.0
2015-06-25,0,0,0.0,0.0
2015-06-26,0,0,0.0,0.0
2015-06-27,0,0,0.0,0.0
2015-06-28,0,0,0.0,0.0
2015-06-29,0,0,0.0,0.0
2015-06-30,0,0,0.0,0.0
2015-07-01,0,0,0.0,0.0
2015-07-02,0,0,0.0,0.0
2015-07-03,0,0,0.0,0.0
2015-07-04,0,0,0.0,0.0
2015-07-05,0,5,0.9868421052631579,0.0
2015-07-06,0,5,0.13157894736842105,0.0
2015-07-07,0,0,0.0,0.0
2015-07-08,0,0,0.0,0.0
2015-07-09,0,1,0.10526315789473684,0.0
2015-07-10,0,0,0.0,0.0
2015-07-11,0,0,0.0,0.0
2015-07-12,0,0,0.0,0.0
2015-07-13,0,0,0.0,0.0
2015-07-14,0,0,0.0,0.0
2015-07-15,0,0,0.0,0.0
2015-07-16,0,0,0.0,0.0
2015-07-17,0,0,0.0,0.0
2015-07-18,0,1,0.02631578947368421,0.0
2015-07-19,0,0,0.0,0.0
2015-07-20,0,0,0.0,0.0
2015-07-21,0,0,0.0,0.0
2015-07-22,0,0,0.0,0.0
2015-07-23,0,0,0.0,0.0
2015-07-24,0,0,0.0,0.0
2015-07-25,0,0,0.0,0.0
2015-07-26,0,0,0.0,0.0
2015-07-27,0,0,0.0,0.0
2015-07-28,0,0,0.0,0.0
2015-07-29,0,0,0.0,0.0
2015-07-30,0,0,0.0,0.0
2015-07-31,0,5,0.5263157894736842,0.0
2015-08-01,0,0,0.0,0.0
2015-08-02,0,0,0.0,0.0
2015-08-03,0,10,3.223684210526316,2.5
2015-08-04,0,10,3.9078947368421053,5.0
2015-08-05,0,40,16.57894736842105,20.0
2015-08-06,0,0,0.0,0.0
2015-08-07,0,1,0.013157894736842105,0.0
2015-08-08,0,5,0.881578947368421,0.0
2015-08-09,0,0,0.0,0.0
2015-08-10,0,1,0.2894736842105263,0.0
2015-08-11,0,0,0.0,0.0
2015-08-12,0,0,0.0,0.0
2015-08-13,0,0,0.0,0.0
2015-08-14,0,5,0.7105263157894737,0.0
2015-08-15,0,1,0.10526315789473684,0.0
2015-08-16,0,0,0.0,0.0
2015-08-17,0,5,1.5789473684210527,0.0
2015-08-18,0,5,0.07894736842105263,0.0
2015-08-19,0,0,0.0,0.0
2015-08-20,0,5,0.4342105263157895,0.0
2015-08-21,0,0,0.0,0.0
2015-08-22,0,0,0.0,0.0
2015-08-23,0,0,0.0,0.0
2015-08-24,0,0,0.0,0.0
2015-08-25,0,5,2.4342105263157894,0.0
2015-08-26,0,20,11.578947368421053,20.0
2015-08-27,0,0,0.0,0.0
2015-08-28,0,0,0.0,0.0
2015-08-29,0,0,0.0,0.0
2015-08-30,0,0,0.0,0.0
2015-08-31,0,0,0.0,0.0
2015-09-01,0,0,0.0,0.0
2015-09-02,0,0,0.0,0.0
2015-09-03,0,1,0.07894736842105263,0.0
2015-09-04,0,0,0.0,0.0
2015-09-05,0,0,0.0,0.0
2015-09-06,0,0,0.0,0.0
2015-09-07,0,5,0.3157894736842105,0.0
2015-09-08,0,0,0.0,0.0
2015-09-09,0,0,0.0,0.0
2015-09-10,0,0,0.0,0.0
2015-09-11,0,0,0.0,0.0
2015-09-12,0,0,0.0,0.0
2015-09-13,0,0,0.0,0.0
2015-09-14,0,0,0.0,0.0
2015-09-15,0,0,0.0,0.0
2015-09-16,0,0,0.0,0.0
2015-09-17,0,0,0.0,0.0
2015-09-18,0,0,0.0,0.0
2015-09-19,0,5,1.3157894736842106,0.0
2015-09-20,0,0,0.0,0.0
2015-09-21,0,0,0.0,0.0
2015-09-22,0,0,0.0,0.0
2015-09-23,0,0,0.0,0.0
2015-09-24,0,1,0.02631578947368421,0.0
2015-09-25,0,0,0.0,0.0
2015-09-26,0,0,0.0,0.0
2015-09-27,0,10,2.1052631578947367,0.0
2015-09-28,0,5,0.5394736842105263,0.0
2015-09-29,0,0,0.0,0.0
2015-09-30,0,0,0.0,0.0
2015-10-01,0,0,0.0,0.0
2015-10-02,0,0,0.0,0.0
2015-10-03,0,20,4.078947368421052,0.0
2015-10-04,0,5,1.118421052631579,0.0
2015-10-05,0,0,0.0,0.0
2015-10-06,0,0,0.0,0.0
2015-10-07,0,40,15.263157894736842,15.0
2015-10-08,0,5,0.2631578947368421,0.0
2015-10-09,0,10,2.1842105263157894,0.0
2015-10-10,0,0,0.0,0.0
2015-10-11,0,10,1.1578947368421053,0.0
2015-10-12,0,10,0.7763157894736842,0.0
2015-10-13,0,0,0.0,0.0
2015-10-14,0,0,0.0,0.0
2015-10-15,0,0,0.0,0.0
2015-10-16,0,0,0.0,0.0
2015-10-17,0,0,0.0,0.0
2015-10-18,0,0,0.0,0.0
2015-10-19,0,0,0.0,0.0
2015-10-20,0,0,0.0,0.0
2015-10-21,0,10,1.5789473684210527,0.0
2015-10-22,0,0,0.0,0.0
2015-10-23,0,40,10.894736842105264,7.5
2015-10-24,0,20,6.026315789473684,1.0
2015-10-25,0,0,0.0,0.0
2015-10-26,0,20,3.3552631578947367,0.0
2015-10-27,0,5,1.1973684210526316,0.0
2015-10-28,0,0,0.0,0.0
2015-10-29,0,0,0.0,0.0
2015-10-30,0,0,0.0,0.0
2015-10-31,0,5,1.381578947368421,0.0
2015-11-01,0,0,0.0,0.0
2015-11-02,0,5,0.7368421052631579,0.0
2015-11-03,0,0,0.0,0.0
2015-11-04,0,0,0.0,0.0
2015-11-05,0,40,13.881578947368421,5.0
2015-11-06,0,0,0.0,0.0
2015-11-07,0,0,0.0,0.0
2015-11-08,0,0,0.0,0.0
2015-11-09,0,0,0.0,0.0
2015-11-10,0,0,0.0,0.0
2015-11-11,0,0,0.0,0.0
2015-11-12,0,0,0.0,0.0
2015-11-13,0,10,2.1052631578947367,0.0
2015-11-14,0,20,5.065789473684211,0.0
2015-11-15,0,0,0.0,0.0
2015-11-16,0,0,0.0,0.0
2015-11-17,0,0,0.0,0.0
2015-11-18,0,0,0.0,0.0
2015-11-19,0,0,0.0,0.0
2015-11-20,0,0,0.0,0.0
2015-11-21,0,0,0.0,0.0
2015-11-22,0,0,0.0,0.0
2015-11-23,0,0,0.0,0.0
2015-11-24,0,0,0.0,0.0
2015-11-25,0,0,0.0,0.0
2015-11-26,0,0,0.0,0.0
2015-11-27,0,0,0.0,0.0
2015-11-28,0,0,0.0,0.0
2015-11-29,0,0,0.0,0.0
2015-11-30,0,0,0.0,0.0
2015-12-01,0,0,0.0,0.0
2015-12-02,0,5,1.3157894736842106,0.0
2015-12-03,0,5,0.9868421052631579,0.0
2015-12-04,0,0,0.0,0.0
2015-12-05,0,5,0.2631578947368421,0.0
2015-12-06,0,40,12.302631578947368,7.5
2015-12-07,0,5,0.5263157894736842,0.0
2015-12-08,0,0,0.0,0.0
2015-12-09,0,0,0.0,0.0
2015-12-10,0,5,0.18421052631578946,0.0
2015-12-11,0,0,0.0,0.0
2015-12-12,0,5,1.4078947368421053,0.0
2015-12-13,0,10,2.1052631578947367,0.0
2015-12-14,0,5,0.15789473684210525,0.0
2015-12-15,0,20,4.473684210526316,0.0
2015-12-16,0,0,0.0,0.0
2015-12-17,0,0,0.0,0.0
2015-12-18,0,0,0.0,0.0
2015-12-19,0,0,0.0,0.0
2015-12-20,0,0,0.0,0.0
2015-12-21,0,5,0.13157894736842105,0.0
2015-12-22,0,70,20.592105263157894,20.0
2015-12-23,0,0,0.0,0.0
2015-12-24,0,20,3.8157894736842106,2.5
2015-12-25,0,100,26.57894736842105,20.0
2015-12-26,5,40,25.13157894736842,20.0
2015-12-27,0,40,10.131578947368421,5.0
2015-12-28,0,20,3.289473684210526,0.0
2015-12-29,0,0,0.0,0.0
2015-12-30,0,0,0.0,0.0
2015-12-31,0,0,0.0,0.0
2014-01-01,0,10,1.118421052631579,0.0
2014-01-02,0,10,4.934210526315789,5.0
2014-01-03,0,0,0.0,0.0
2014-01-04,0,0,0.0,0.0
2014-01-05,0,20,4.2368421052631575,0.0
2014-01-06,5,20,10.0,5.0
2014-01-07,0,5,0.7631578947368421,0.0
2014-01-08,0,0,0.0,0.0
2014-01-09,0,0,0.0,0.0
2014-01-10,0,5,0.06578947368421052,0.0
2014-01-11,0,10,1.3157894736842106,0.0
2014-01-12,0,5,1.8421052631578947,0.0
2014-01-13,0,5,2.960526315789474,5.0
2014-01-14,0,20,0.39473684210526316,0.0
2014-01-15,0,0,0.0,0.0
2014-01-16,0,0,0.0,0.0
2014-01-17,0,10,6.776315789473684,5.0
2014-01-18,0,5,0.06578947368421052,0.0
2014-01-19,0,20,3.6184210526315788,5.0
2014-01-20,0,10,0.32894736842105265,0.0
2014-01-21,0,0,0.0,0.0
2014-01-22,0,5,0.06578947368421052,0.0
2014-01-23,0,0,0.0,0.0
2014-01-24,0,0,0.0,0.0
2014-01-25,0,0,0.0,0.0
2014-01-26,0,0,0.0,0.0
2014-01-27,0,0,0.0,0.0
2014-01-28,0,0,0.0,0.0
2014-01-29,0,0,0.0,0.0
2014-01-30,0,0,0.0,0.0
2014-01-31,0,0,0.0,0.0
2014-02-01,0,0,0.0,0.0
2014-02-02,0,0,0.0,0.0
2014-02-03,0,0,0.0,0.0
2014-02-04,0,10,2.763157894736842,0.0
2014-02-05,0,0,0.0,0.0
2014-02-06,0,0,0.0,0.0
2014-02-07,0,0,0.0,0.0
2014-02-08,0,0,0.0,0.0
2014-02-09,0,0,0.0,0.0
2014-02-10,0,0,0.0,0.0
2014-02-11,0,0,0.0,0.0
2014-02-12,0,0,0.0,0.0
2014-02-13,0,5,0.2631578947368421,0.0
2014-02-14,0,0,0.0,0.0
2014-02-15,0,5,1.1842105263157894,0.0
2014-02-16,0,5,0.5921052631578947,0.0
2014-02-17,0,0,0.0,0.0
2014-02-18,0,5,0.06578947368421052,0.0
2014-02-19,0,0,0.0,0.0
2014-02-20,0,10,1.4473684210526316,0.0
2014-02-21,0,20,5.2631578947368425,5.0
2014-02-22,0,10,1.5789473684210527,0.0
2014-02-23,0,10,2.5,0.0
2014-02-24,0,5,0.2631578947368421,0.0
2014-02-25,0,0,0.0,0.0
2014-02-26,0,0,0.0,0.0
2014-02-27,0,0,0.0,0.0
2014-02-28,0,0,0.0,0.0
2014-03-01,0,5,1.9736842105263157,0.0
2014-03-02,0,5,0.2631578947368421,0.0
2014-03-03,0,5,0.2631578947368421,0.0
2014-03-04,0,0,0.0,0.0
2014-04-01,0,10,0.6578947368421053,0.0
2014-04-02,0,0,0.0,0.0
2014-04-03,0,10,0.9210526315789473,0.0
2014-04-04,0,0,0.0,0.0
2014-04-05,0,5,0.06578947368421052,0.0
2014-04-06,0,10,1.5921052631578947,0.0
2014-04-07,0,0,0.0,0.0
2014-04-08,0,0,0.0,0.0
2014-04-09,0,0,0.0,0.0
2014-04-10,0,0,0.0,0.0
2014-04-11,0,0,0.0,0.0
2014-04-12,0,0,0.0,0.0
2014-04-13,0,0,0.0,0.0
2014-04-14,0,0,0.0,0.0
2014-04-15,0,0,0.0,0.0
2014-04-16,0,10,4.644736842105263,5.0
2014-04-17,0,0,0.0,0.0
2014-04-18,0,0,0.0,0.0
2014-04-19,0,0,0.0,0.0
2014-04-20,0,0,0.0,0.0
2014-04-21,10,70,40.13157894736842,40.0
2014-04-22,0,20,0.7894736842105263,0.0
2014-04-23,0,0,0.0,0.0
2014-04-24,0,5,0.32894736842105265,0.0
2014-04-25,0,0,0.0,0.0
2014-04-26,0,10,1.9736842105263157,0.0
2014-04-27,0,0,0.0,0.0
2014-04-28,0,0,0.0,0.0
2014-04-29,0,0,0.0,0.0
2014-04-30,0,0,0.0,0.0
2014-05-01,0,0,0.0,0.0
2014-05-02,0,0,0.0,0.0
2014-05-03,0,0,0.0,0.0
2014-05-04,0,0,0.0,0.0
2014-05-05,0,5,1.381578947368421,0.0
2014-05-06,0,0,0.0,0.0
2014-05-07,0,0,0.0,0.0
2014-05-08,0,0,0.0,0.0
2014-05-09,0,0,0.0,0.0
2014-05-10,0,0,0.0,0.0
2014-05-11,0,0,0.0,0.0
2014-05-12,0,5,0.13157894736842105,0.0
2014-05-13,0,20,4.2105263157894735,0.0
2014-05-14,0,40,10.0,0.0
2014-05-15,0,0,0.0,0.0
2014-05-16,0,5,0.2631578947368421,0.0
2014-05-17,0,5,0.8552631578947368,0.0
2014-05-18,0,0,0.0,0.0
2014-05-19,0,0,0.0,0.0
2014-05-20,0,1,0.17105263157894737,0.0
2014-05-21,0,0,0.0,0.0
2014-05-22,0,5,1.236842105263158,0.0
2014-05-23,0,0,0.0,0.0
2014-05-24,0,0,0.0,0.0
2014-05-25,0,0,0.0,0.0
2014-05-26,0,0,0.0,0.0
2014-05-27,0,5,1.644736842105263,0.0
2014-05-28,0,0,0.0,0.0
2014-05-29,0,0,0.0,0.0
2014-05-30,0,5,3.026315789473684,5.0
2014-05-31,0,0,0.0,0.0
2014-06-01,0,5,0.9868421052631579,0.0
2014-06-02,0,5,0.2631578947368421,0.0
2014-06-03,0,5,0.5131578947368421,0.0
2014-06-04,0,0,0.0,0.0
2014-06-05,0,0,0.0,0.0
2014-06-06,0,0,0.0,0.0
2014-06-07,0,5,2.236842105263158,0.0
2014-06-08,0,0,0.0,0.0
2014-06-09,0,0,0.0,0.0
2014-06-10,0,0,0.0,0.0
2014-06-11,0,0,0.0,0.0
2014-06-12,0,0,0.0,0.0
2014-06-13,0,0,0.0,0.0
2014-06-14,0,0,0.0,0.0
2014-06-15,0,5,2.236842105263158,0.0
2014-06-16,0,0,0.0,0.0
2014-06-17,0,0,0.0,0.0
2014-06-18,0,0,0.0,0.0
2014-06-19,0,5,1.4473684210526316,0.0
2014-06-20,0,0,0.0,0.0
2014-06-21,0,0,0.0,0.0
2014-06-22,0,0,0.0,0.0
2014-06-23,0,5,1.2763157894736843,0.0
2014-06-24,0,0,0.0,0.0
2014-06-25,0,5,0.8421052631578947,0.0
2014-06-26,0,5,0.9078947368421053,0.0
2014-06-27,0,5,1.9736842105263157,0.0
2014-06-28,0,0,0.0,0.0
2014-06-29,0,0,0.0,0.0
2014-06-30,0,0,0.0,0.0
2014-07-01,0,0,0.0,0.0
2014-07-02,0,0,0.0,0.0
2014-07-03,0,0,0.0,0.0
2014-07-04,0,0,0.0,0.0
2014-07-05,0,0,0.0,0.0
2014-07-06,0,0,0.0,0.0
2014-07-07,0,5,1.0526315789473684,0.0
2014-07-08,0,5,1.868421052631579,0.0
2014-07-09,0,0,0.0,0.0
2014-07-10,0,20,9.605263157894736,7.5
2014-07-11,0,5,3.486842105263158,5.0
2014-07-12,0,1,0.013157894736842105,0.0
2014-07-13,0,0,0.0,0.0
2014-07-14,0,0,0.0,0.0
2014-07-15,0,5,2.8289473684210527,5.0
2014-07-16,0,0,0.0,0.0
2014-07-17,0,5,0.5657894736842105,0.0
2014-07-18,0,0,0.0,0.0
2014-07-19,0,0,0.0,0.0
2014-07-20,0,0,0.0,0.0
2014-07-21,0,1,0.05263157894736842,0.0
2014-07-22,0,0,0.0,0.0
2014-07-23,0,0,0.0,0.0
2014-07-24,0,0,0.0,0.0
2014-07-25,0,0,0.0,0.0
2014-07-26,0,0,0.0,0.0
2014-07-27,0,0,0.0,0.0
2014-07-28,0,5,1.0789473684210527,0.0
2014-07-29,0,0,0.0,0.0
2014-07-30,0,0,0.0,0.0
2014-07-31,0,1,0.15789473684210525,0.0
2014-08-01,0,0,0.0,0.0
2014-08-02,0,1,0.14473684210526316,0.0
2014-08-03,0,0,0.0,0.0
2014-08-04,0,0,0.0,0.0
2014-08-05,0,0,0.0,0.0
2014-08-06,0,0,0.0,0.0
2014-08-07,0,0,0.0,0.0
2014-08-08,0,5,2.236842105263158,0.0
2014-08-09,0,5,1.118421052631579,0.0
2014-08-10,0,5,0.9605263157894737,1.0
2014-08-11,0,0,0.0,0.0
2014-08-12,0,0,0.0,0.0
2014-08-13,0,0,0.0,0.0
2014-08-14,0,0,0.0,0.0
2014-08-15,0,5,1.9736842105263157,0.0
2014-08-16,0,0,0.0,0.0
2014-08-17,0,0,0.0,0.0
2014-08-18,0,5,4.052631578947368,5.0
2014-08-19,0,0,0.0,0.0
2014-08-20,0,0,0.0,0.0
2014-08-21,0,0,0.0,0.0
2014-08-22,0,0,0.0,0.0
2014-08-23,0,0,0.0,0.0
2014-08-24,0,5,2.3684210526315788,0.0
2014-08-25,0,5,0.5657894736842105,0.0
2014-08-26,0,0,0.0,0.0
2014-08-27,0,0,0.0,0.0
2014-08-28,0,0,0.0,0.0
2014-08-29,0,0,0.0,0.0
2014-08-30,0,0,0.0,0.0
2014-08-31,0,0,0.0,0.0
2014-09-01,0,0,0.0,0.0
2014-09-02,0,5,0.5789473684210527,0.0
2014-09-03,0,0,0.0,0.0
2014-09-04,0,0,0.0,0.0
2014-09-05,0,5,2.5,2.5
2014-09-06,0,0,0.0,0.0
2014-09-07,0,0,0.0,0.0
2014-09-08,0,10,5.0,5.0
2014-09-09,0,0,0.0,0.0
2014-09-10,0,0,0.0,0.0
2014-09-11,0,10,6.315789473684211,7.5
2014-09-12,0,0,0.0,0.0
2014-09-13,0,0,0.0,0.0
2014-09-14,0,0,0.0,0.0
2014-09-15,0,0,0.0,0.0
2014-09-16,0,0,0.0,0.0
2014-09-17,0,0,0.0,0.0
2014-09-18,0,5,2.8026315789473686,5.0
2014-09-19,0,0,0.0,0.0
2014-09-20,0,0,0.0,0.0
2014-09-21,0,0,0.0,0.0
2014-09-22,0,0,0.0,0.0
2014-09-23,0,0,0.0,0.0
2014-09-24,0,0,0.0,0.0
2014-09-25,0,5,0.7236842105263158,0.0
2014-09-26,0,0,0.0,0.0
2014-09-27,0,0,0.0,0.0
2014-09-28,0,0,0.0,0.0
2014-09-29,0,1,0.15789473684210525,0.0
2014-09-30,0,0,0.0,0.0
2014-10-01,0,0,0.0,0.0
2014-10-02,0,0,0.0,0.0
2014-10-03,0,0,0.0,0.0
2014-10-04,0,0,0.0,0.0
2014-10-05,0,0,0.0,0.0
2014-10-06,0,0,0.0,0.0
2014-10-07,0,0,0.0,0.0
2014-10-08,0,0,0.0,0.0
2014-10-09,0,0,0.0,0.0
2014-10-10,0,0,0.0,0.0
2014-10-11,0,0,0.0,0.0
2014-10-12,0,5,0.4605263157894737,0.0
2014-10-13,0,0,0.0,0.0
2014-10-14,0,5,1.25,0.0
2014-10-15,0,1,0.05263157894736842,0.0
2014-10-16,0,0,0.0,0.0
2014-10-17,0,0,0.0,0.0
2014-10-18,0,5,0.7894736842105263,0.0
2014-10-19,0,5,1.0921052631578947,0.0
2014-10-20,0,0,0.0,0.0
2014-10-21,0,0,0.0,0.0
2014-10-22,0,0,0.0,0.0
2014-10-23,0,10,6.078947368421052,5.0
2014-10-24,0,5,0.8421052631578947,0.0
2014-10-25,0,0,0.0,0.0
2014-10-26,0,0,0.0,0.0
2014-10-27,0,0,0.0,0.0
2014-10-28,0,1,0.05263157894736842,0.0
2014-10-29,0,0,0.0,0.0
2014-10-30,0,0,0.0,0.0
2014-10-31,0,0,0.0,0.0
2014-11-01,0,10,3.013157894736842,1.0
2014-11-02,0,0,0.0,0.0
2014-11-03,0,0,0.0,0.0
2014-11-04,0,40,14.210526315789474,10.0
2014-11-05,0,5,1.5394736842105263,0.0
2014-11-06,0,0,0.0,0.0
2014-11-07,0,5,0.8421052631578947,0.0
2014-11-08,0,0,0.0,0.0
2014-11-09,0,0,0.0,0.0
2014-11-10,0,0,0.0,0.0
2014-11-11,0,5,1.0526315789473684,0.0
2014-11-12,0,5,0.7894736842105263,0.0
2014-11-13,0,0,0.0,0.0
2014-11-14,0,0,0.0,0.0
2014-11-15,0,0,0.0,0.0
2014-11-16,0,0,0.0,0.0
2014-11-17,0,0,0.0,0.0
2014-11-18,0,0,0.0,0.0
2014-11-19,0,0,0.0,0.0
2014-11-20,0,0,0.0,0.0
2014-11-21,0,5,0.2631578947368421,0.0
2014-11-22,0,5,0.7894736842105263,0.0
2014-11-23,0,0,0.0,0.0
2014-11-24,0,0,0.0,0.0
2014-11-25,0,0,0.0,0.0
2014-11-26,0,5,1.7105263157894737,1.0
2014-11-27,0,0,0.0,0.0
2014-11-28,0,5,0.7894736842105263,0.0
2014-11-29,0,5,0.06578947368421052,0.0
2014-11-30,0,10,2.3684210526315788,0.0
2014-12-01,0,0,0.0,0.0
2014-12-02,0,0,0.0,0.0
2014-12-03,0,0,0.0,0.0
2014-12-04,0,0,0.0,0.0
2013-01-01,0,0,0.0,0.0
2013-01-02,0,0,0.0,0.0
2013-01-03,0,0,0.0,0.0
2013-01-04,0,0,0.0,0.0
2013-01-05,0,0,0.0,0.0
2013-01-06,0,10,3.0657894736842106,1.0
2013-01-07,0,0,0.0,0.0
2013-01-08,0,0,0.0,0.0
2013-01-09,0,0,0.0,0.0
2013-01-10,0,0,0.0,0.0
2013-01-11,0,0,0.0,0.0
2013-01-12,0,0,0.0,0.0
2013-01-13,0,0,0.0,0.0
2013-01-14,0,5,0.8421052631578947,0.0
2013-01-15,0,10,0.9210526315789473,0.0
2013-01-16,0,0,0.0,0.0
2013-01-17,0,0,0.0,0.0
2013-01-18,0,0,0.0,0.0
2013-01-19,0,0,0.0,0.0
2013-01-20,0,10,4.552631578947368,5.0
2013-01-21,0,5,1.1842105263157894,0.0
2013-01-22,0,0,0.0,0.0
2013-01-23,0,10,1.3157894736842106,0.0
2013-01-24,0,0,0.0,0.0
2013-01-25,0,0,0.0,0.0
2013-01-26,0,0,0.0,0.0
2013-01-27,0,5,0.7236842105263158,0.0
2013-01-28,0,0,0.0,0.0
2013-01-29,0,0,0.0,0.0
2013-01-30,0,0,0.0,0.0
2013-01-31,0,0,0.0,0.0
2013-02-01,0,0,0.0,0.0
2013-02-02,0,0,0.0,0.0
2013-02-03,0,0,0.0,0.0
2013-02-04,0,0,0.0,0.0
2013-02-05,0,0,0.0,0.0
2013-02-06,0,0,0.0,0.0
2013-02-07,0,0,0.0,0.0
2013-02-08,0,10,6.578947368421052,5.0
2013-02-09,0,10,5.7105263157894735,5.0
2013-02-10,0,20,2.236842105263158,0.0
2013-02-11,0,0,0.0,0.0
2013-02-12,0,0,0.0,0.0
2013-02-13,0,0,0.0,0.0
2013-02-14,0,40,3.8815789473684212,0.0
2013-02-15,10,40,21.57894736842105,20.0
2013-02-16,10,40,21.31578947368421,20.0
2013-02-17,0,40,13.947368421052632,0.0
2013-02-18,0,0,0.0,0.0
2013-02-19,0,5,1.0526315789473684,0.0
2013-02-20,10,40,20.789473684210527,20.0
2013-02-21,0,40,11.921052631578947,5.0
2013-02-22,0,70,17.5,5.0
2013-02-23,0,70,22.236842105263158,20.0
2013-02-24,0,0,0.0,0.0
2013-02-25,0,0,0.0,0.0
2013-02-26,0,0,0.0,0.0
2013-02-27,0,40,4.473684210526316,0.0
2013-02-28,0,40,15.0,10.0
2013-03-01,0,40,4.802631578947368,0.0
2013-04-01,0,40,2.3947368421052633,0.0
2013-04-02,0,5,0.8552631578947368,0.0
2013-04-03,0,0,0.0,0.0
2013-04-04,0,5,0.5263157894736842,0.0
2013-04-05,0,5,0.5263157894736842,0.0
2013-04-06,0,40,9.539473684210526,10.0
2013-04-07,0,70,4.2105263157894735,0.0
2013-04-08,0,40,6.184210526315789,0.0
2013-04-09,0,20,1.5789473684210527,0.0
2013-04-10,0,0,0.0,0.0
2013-04-11,0,70,12.368421052631579,0.0
2013-04-12,0,20,5.9868421052631575,2.5
2013-04-13,0,10,3.6842105263157894,0.0
2013-04-14,0,10,1.5789473684210527,0.0
2013-04-15,0,70,15.657894736842104,20.0
2013-04-16,0,40,2.3684210526315788,0.0
2013-04-17,0,10,1.5789473684210527,0.0
2013-04-18,0,0,0.0,0.0
2013-04-19,0,0,0.0,0.0
2013-04-20,0,0,0.0,0.0
2013-04-21,0,40,5.7894736842105265,0.0
2013-04-22,0,20,3.1578947368421053,0.0
2013-04-23,0,0,0.0,0.0
2013-04-24,0,0,0.0,0.0
2013-04-25,0,40,7.631578947368421,0.0
2013-04-26,0,40,2.8947368421052633,0.0
2013-04-27,0,0,0.0,0.0
2013-04-28,0,5,0.06578947368421052,0.0
2013-04-29,0,10,4.868421052631579,5.0
2013-04-30,0,20,10.131578947368421,10.0
2013-05-01,0,40,3.1578947368421053,0.0
2013-08-01,0,20,10.06578947368421,7.5
2013-08-02,0,20,6.578947368421052,5.0
2013-08-03,0,10,2.6315789473684212,0.0
2013-08-04,0,40,16.57894736842105,20.0
2013-08-05,0,20,7.105263157894737,5.0
2013-08-06,0,0,0.0,0.0
2013-08-07,5,40,12.631578947368421,5.0
2013-08-08,0,40,15.789473684210526,10.0
2013-08-09,0,0,0.0,0.0
2013-08-10,0,0,0.0,0.0
2013-08-11,0,0,0.0,0.0
2013-08-12,0,40,14.210526315789474,5.0
2013-08-13,0,0,0.0,0.0
2013-08-14,0,0,0.0,0.0
2013-08-15,0,0,0.0,0.0
2013-08-16,0,0,0.0,0.0
2013-08-17,0,0,0.0,0.0
2013-08-18,0,0,0.0,0.0
2013-08-19,0,0,0.0,0.0
2013-08-20,0,10,1.5789473684210527,0.0
2013-08-21,0,10,1.118421052631579,0.0
2013-08-22,0,0,0.0,0.0
2013-08-23,0,0,0.0,0.0
2013-08-24,0,0,0.0,0.0
2013-08-25,0,10,2.1052631578947367,0.0
2013-08-26,0,40,7.105263157894737,0.0
2013-08-27,0,0,0.0,0.0
2013-08-28,0,0,0.0,0.0
2013-08-29,0,0,0.0,0.0
2013-08-30,0,0,0.0,0.0
2013-08-31,0,0,0.0,0.0
2013-11-01,0,0,0.0,0.0
2013-11-02,0,0,0.0,0.0
2013-11-03,0,20,5.394736842105263,0.0
2013-11-04,0,0,0.0,0.0
2013-11-05,0,0,0.0,0.0
2013-11-06,0,0,0.0,0.0
2013-11-07,0,0,0.0,0.0
2013-11-08,0,0,0.0,0.0
2013-11-09,0,0,0.0,0.0
2013-11-10,0,0,0.0,0.0
2013-11-11,0,5,1.0526315789473684,0.0
2013-11-12,0,0,0.0,0.0
2013-11-13,0,5,0.9868421052631579,0.0
2013-11-14,0,0,0.0,0.0
2013-11-15,0,10,3.4473684210526314,5.0
2013-11-16,0,0,0.0,0.0
2013-11-17,0,0,0.0,0.0
2013-11-18,0,0,0.0,0.0
2013-11-19,0,0,0.0,0.0
2013-11-20,0,10,2.8289473684210527,0.0
2013-11-21,0,0,0.0,0.0
2013-11-22,0,0,0.0,0.0
2013-11-23,0,0,0.0,0.0
2013-11-24,0,10,3.5526315789473686,2.5
2013-11-25,0,5,1.1842105263157894,0.0
2013-11-26,0,0,0.0,0.0
2013-11-27,0,0,0.0,0.0
2013-11-28,0,0,0.0,0.0
2013-11-29,0,0,0.0,0.0
2013-11-30,0,0,0.0,0.0
2013-12-01,0,0,0.0,0.0
2013-12-02,0,0,0.0,0.0
2013-12-03,0,0,0.0,0.0
2013-12-04,0,0,0.0,0.0
2013-12-05,0,0,0.0,0.0
2013-12-06,0,0,0.0,0.0
2013-12-07,0,0,0.0,0.0
2013-12-08,0,0,0.0,0.0
2013-12-09,0,0,0.0,0.0
2013-12-10,0,0,0.0,0.0
2013-12-11,0,0,0.0,0.0
2013-12-12,0,0,0.0,0.0
2013-12-13,0,0,0.0,0.0
2013-12-14,0,0,0.0,0.0
2013-12-15,0,0,0.0,0.0
2013-12-16,0,0,0.0,0.0
2013-12-17,0,5,0.6710526315789473,0.0
2013-12-18,0,10,2.3684210526315788,0.0
2013-12-19,0,0,0.0,0.0
2013-12-20,0,0,0.0,0.0
2013-12-21,0,0,0.0,0.0
2013-12-22,0,5,1.7763157894736843,0.0
2013-12-23,0,0,0.0,0.0
2013-12-24,0,0,0.0,0.0
2013-12-25,0,10,2.6315789473684212,0.0
2013-12-26,0,0,0.0,0.0
2013-12-27,0,0,0.0,0.0
2013-12-28,0,5,1.4473684210526316,0.0
2013-12-29,0,0,0.0,0.0
2013-12-30,0,0,0.0,0.0
2013-12-31,0,0,0.0,0.0
2012-01-01,0,5,2.6973684210526314,5.0
2012-01-02,0,0,0.0,0.0
2012-01-03,0,0,0.0,0.0
2012-01-04,0,1,0.14473684210526316,0.0
2012-01-05,0,0,0.0,0.0
2012-01-06,0,5,1.118421052631579,0.0
2012-01-07,0,5,1.881578947368421,0.0
2012-01-08,0,5,1.368421052631579,0.0
2012-01-09,0,20,3.1973684210526314,5.0
2012-01-10,0,0,0.0,0.0
2012-01-11,0,0,0.0,0.0
2012-01-12,0,1,0.13157894736842105,0.0
2012-01-13,0,0,0.0,0.0
2012-01-14,0,0,0.0,0.0
2012-01-15,0,0,0.0,0.0
2012-01-16,0,5,1.0526315789473684,0.0
2012-01-17,0,5,1.118421052631579,0.0
2012-01-18,0,0,0.0,0.0
2012-01-19,0,5,1.131578947368421,0.0
2012-01-20,0,5,1.605263157894737,0.0
2012-01-21,0,0,0.0,0.0
2012-01-22,0,1,0.14473684210526316,0.0
2012-01-23,0,1,0.10526315789473684,0.0
2012-01-24,0,5,2.013157894736842,0.0
2012-01-25,0,0,0.0,0.0
2012-01-26,0,0,0.0,0.0
2012-01-27,0,0,0.0,0.0
2012-01-28,0,0,0.0,0.0
2012-01-29,0,1,0.27631578947368424,0.0
2012-01-30,0,0,0.0,0.0
2012-01-31,0,5,0.8947368421052632,0.0
2012-02-01,0,5,1.3421052631578947,0.0
2012-02-02,0,0,0.0,0.0
2012-02-03,0,5,1.486842105263158,0.0
2012-02-04,0,0,0.0,0.0
2012-02-05,0,0,0.0,0.0
2012-02-06,0,5,1.0526315789473684,0.0
2012-02-07,0,10,3.1578947368421053,0.0
2012-02-08,0,1,0.09210526315789473,0.0
2012-02-09,0,0,0.0,0.0
2012-02-10,0,0,0.0,0.0
2012-02-11,0,0,0.0,0.0
2012-02-12,0,0,0.0,0.0
2012-02-13,0,10,3.486842105263158,1.0
2012-02-14,0,0,0.0,0.0
2012-02-15,0,0,0.0,0.0
2012-02-16,0,0,0.0,0.0
2012-02-17,0,0,0.0,0.0
2012-02-18,0,0,0.0,0.0
2012-02-19,0,0,0.0,0.0
2012-02-20,0,0,0.0,0.0
2012-02-21,0,5,0.42105263157894735,0.0
2012-02-22,0,5,0.9736842105263158,0.0
2012-02-23,0,5,0.5921052631578947,0.0
2012-02-24,0,0,0.0,0.0
2012-02-25,0,0,0.0,0.0
2012-02-26,0,0,0.0,0.0
2012-02-27,0,1,0.06578947368421052,0.0
2012-02-28,0,5,0.631578947368421,0.0
2012-02-29,0,0,0.0,0.0
2012-03-01,0,10,2.1052631578947367,0.0
2012-03-02,0,0,0.0,0.0
2012-03-03,0,0,0.0,0.0
2012-03-04,0,0,0.0,0.0
2012-03-05,0,0,0.0,0.0
2012-03-06,0,0,0.0,0.0
2012-03-07,0,5,1.644736842105263,1.0
2012-03-08,0,0,0.0,0.0
2012-03-09,0,0,0.0,0.0
2012-03-10,0,0,0.0,0.0
2012-03-11,0,0,0.0,0.0
2012-03-12,0,0,0.0,0.0
2012-03-13,0,0,0.0,0.0
2012-03-14,0,0,0.0,0.0
2012-03-15,0,1,0.013157894736842105,0.0
2012-03-16,0,0,0.0,0.0
2012-03-17,0,0,0.0,0.0
2012-03-18,0,1,0.14473684210526316,0.0
2012-03-19,0,0,0.0,0.0
2012-03-20,0,0,0.0,0.0
2012-03-21,0,0,0.0,0.0
2012-03-22,0,0,0.0,0.0
2012-03-23,0,0,0.0,0.0
2012-03-24,0,0,0.0,0.0
2012-03-25,0,0,0.0,0.0
2012-03-26,0,0,0.0,0.0
2012-03-27,0,1,0.21052631578947367,0.0
2012-03-28,0,0,0.0,0.0
2012-03-29,0,0,0.0,0.0
2012-03-30,0,1,0.05263157894736842,0.0
2012-03-31,0,0,0.0,0.0
2012-04-01,0,0,0.0,0.0
2012-04-02,0,0,0.0,0.0
2012-05-01,0,0,0.0,0.0
2012-05-02,0,0,0.0,0.0
2012-06-01,0,0,0.0,0.0
2012-06-02,0,0,0.0,0.0
2012-06-03,0,5,1.1710526315789473,0.0
2012-06-04,0,0,0.0,0.0
2012-06-05,0,0,0.0,0.0
2012-06-06,0,0,0.0,0.0
2012-06-07,0,0,0.0,0.0
2012-06-08,0,0,0.0,0.0
2012-06-09,0,10,4.473684210526316,5.0
2012-06-10,0,0,0.0,0.0
2012-06-11,0,0,0.0,0.0
2012-06-12,0,1,0.15789473684210525,0.0
2012-06-13,0,40,13.697368421052632,5.5
2012-06-14,0,5,1.118421052631579,0.0
2012-06-15,0,0,0.0,0.0
2012-06-16,0,5,0.7894736842105263,0.0
2012-06-17,0,5,1.1842105263157894,0.0
2012-06-18,0,0,0.0,0.0
2012-06-19,0,0,0.0,0.0
2012-06-20,0,0,0.0,0.0
2012-06-21,0,0,0.0,0.0
2012-06-22,0,0,0.0,0.0
2012-06-23,0,5,0.7894736842105263,0.0
2012-06-24,0,20,4.092105263157895,0.0
2012-06-25,0,0,0.0,0.0
2012-06-26,0,0,0.0,0.0
2012-06-27,0,5,1.236842105263158,0.0
2012-06-28,0,5,0.06578947368421052,0.0
2012-06-29,0,0,0.0,0.0
2012-06-30,0,5,0.75,0.0
2012-07-01,0,0,0.0,0.0
2012-07-02,0,0,0.0,0.0
2012-07-03,0,0,0.0,0.0
2012-07-04,0,0,0.0,0.0
2012-07-05,0,0,0.0,0.0
2012-07-06,0,0,0.0,0.0
2012-07-07,0,0,0.0,0.0
2012-07-08,0,0,0.0,0.0
2012-07-09,0,0,0.0,0.0
2012-07-10,0,0,0.0,0.0
2012-07-11,0,5,0.3684210526315789,0.0
2012-07-12,0,0,0.0,0.0
2012-07-13,0,10,1.868421052631579,0.0
2012-07-14,0,20,5.131578947368421,0.0
2012-07-15,5,20,10.0,10.0
2012-07-16,0,0,0.0,0.0
2012-07-17,0,0,0.0,0.0
2012-07-18,0,5,0.5263157894736842,0.0
2012-07-19,0,0,0.0,0.0
2012-07-20,0,20,4.2105263157894735,0.0
2012-07-21,0,0,0.0,0.0
2012-07-22,0,0,0.0,0.0
2012-07-23,0,10,1.5789473684210527,0.0
2012-07-24,0,20,5.131578947368421,0.0
2012-07-25,0,0,0.0,0.0
2012-07-26,0,0,0.0,0.0
2012-07-27,0,0,0.0,0.0
2012-07-28,0,0,0.0,0.0
2012-07-29,0,0,0.0,0.0
2012-07-30,0,0,0.0,0.0
2012-07-31,0,0,0.0,0.0
2012-08-01,0,20,5.171052631578948,5.0
2012-08-02,5,40,12.631578947368421,10.0
2012-08-03,0,0,0.0,0.0
2012-08-04,0,0,0.0,0.0
2012-08-05,0,0,0.0,0.0
2012-08-06,0,0,0.0,0.0
2012-08-07,0,0,0.0,0.0
2012-08-08,0,0,0.0,0.0
2012-08-09,0,0,0.0,0.0
2012-08-10,0,5,1.0526315789473684,0.0
2012-08-11,0,10,4.855263157894737,5.0
2012-08-12,0,5,0.32894736842105265,0.0
2012-08-13,0,0,0.0,0.0
2012-08-14,0,10,2.1052631578947367,0.0
2012-08-15,0,20,5.197368421052632,0.0
2012-08-16,0,0,0.0,0.0
2012-08-17,0,0,0.0,0.0
2012-08-18,0,0,0.0,0.0
2012-08-19,0,0,0.0,0.0
2012-08-20,0,0,0.0,0.0
2012-08-21,0,20,8.289473684210526,7.5
2012-08-22,0,0,0.0,0.0
2012-08-23,0,0,0.0,0.0
2012-08-24,0,10,1.3157894736842106,0.0
2012-08-25,5,40,15.460526315789474,20.0
2012-08-26,10,40,20.526315789473685,20.0
2012-08-27,0,5,1.118421052631579,0.0
2012-08-28,0,0,0.0,0.0
2012-08-29,0,0,0.0,0.0
2012-08-30,0,0,0.0,0.0
2012-08-31,0,20,7.105263157894737,5.0
2012-09-01,0,0,0.0,0.0
2012-09-02,0,0,0.0,0.0
2012-09-03,0,0,0.0,0.0
2012-09-04,0,0,0.0,0.0
2012-09-05,0,0,0.0,0.0
2012-09-06,0,0,0.0,0.0
2012-09-07,0,1,0.013157894736842105,0.0
2012-09-08,0,0,0.0,0.0
2012-09-09,0,0,0.0,0.0
2012-09-10,0,0,0.0,0.0
2012-09-11,0,0,0.0,0.0
2012-09-12,0,0,0.0,0.0
2012-09-13,0,0,0.0,0.0
2012-09-14,0,0,0.0,0.0
2012-09-15,0,0,0.0,0.0
2012-09-16,0,0,0.0,0.0
2012-09-17,0,0,0.0,0.0
2012-09-18,0,10,1.7105263157894737,0.0
2012-09-19,0,0,0.0,0.0
2012-09-20,0,20,1.8421052631578947,0.0
2012-09-21,0,0,0.0,0.0
2012-09-22,0,0,0.0,0.0
2012-09-23,0,10,0.32894736842105265,0.0
2012-09-24,0,0,0.0,0.0
2012-09-25,0,0,0.0,0.0
2012-09-26,0,0,0.0,0.0
2012-09-27,0,0,0.0,0.0
2012-09-28,0,0,0.0,0.0
2012-09-29,0,0,0.0,0.0
2012-09-30,0,0,0.0,0.0
2012-10-01,0,0,0.0,0.0
2012-10-02,0,0,0.0,0.0
2012-10-03,0,0,0.0,0.0
2012-10-04,0,10,1.5789473684210527,0.0
2012-10-05,0,40,12.697368421052632,10.0
2012-10-06,0,0,0.0,0.0
2012-10-07,0,20,3.0921052631578947,0.0
2012-10-08,0,0,0.0,0.0
2012-10-09,0,40,12.894736842105264,10.0
2012-10-10,20,40,32.63157894736842,40.0
2012-10-11,0,40,14.723684210526315,20.0
2012-10-12,0,10,0.7894736842105263,0.0
2012-10-13,0,10,0.39473684210526316,0.0
2012-10-14,0,40,3.026315789473684,0.0
2012-10-15,0,0,0.0,0.0
2012-10-16,0,0,0.0,0.0
2012-10-17,0,0,0.0,0.0
2012-10-18,0,40,18.42105263157895,20.0
2012-10-19,0,20,4.078947368421052,0.0
2012-10-20,0,0,0.0,0.0
2012-10-21,0,0,0.0,0.0
2012-10-22,0,0,0.0,0.0
2012-10-23,0,0,0.0,0.0
2012-10-24,0,0,0.0,0.0
2012-10-25,0,0,0.0,0.0
2012-10-26,0,0,0.0,0.0
2012-10-27,0,0,0.0,0.0
2012-10-28,0,0,0.0,0.0
2012-10-29,0,0,0.0,0.0
2012-10-30,0,0,0.0,0.0
2012-10-31,0,0,0.0,0.0
2012-11-01,0,0,0.0,0.0
2011-01-01,0,0,0.0,0.0
2011-01-02,0,0,0.0,0.0
2011-01-03,0,0,0.0,0.0
2011-01-04,0,0,0.0,0.0
2011-01-05,0,40,5.526315789473684,0.0
2011-01-06,0,0,0.0,0.0
2011-01-07,0,0,0.0,0.0
2011-01-08,0,0,0.0,0.0
2011-01-09,0,0,0.0,0.0
2011-01-10,0,0,0.0,0.0
2011-01-11,0,0,0.0,0.0
2011-01-12,0,0,0.0,0.0
2011-01-13,0,0,0.0,0.0
2011-01-14,0,10,0.2631578947368421,0.0
2011-01-15,0,0,0.0,0.0
2011-01-16,0,0,0.0,0.0
2011-01-17,0,40,7.631578947368421,0.0
2011-01-18,0,40,2.1052631578947367,0.0
2011-01-19,0,0,0.0,0.0
2011-01-20,0,40,8.157894736842104,0.0
2011-01-21,0,0,0.0,0.0
2011-01-22,0,0,0.0,0.0
2011-01-23,0,0,0.0,0.0
2011-01-24,0,0,0.0,0.0
2011-01-25,0,0,0.0,0.0
2011-01-26,0,0,0.0,0.0
2011-01-27,0,0,0.0,0.0
2011-01-28,0,20,1.0526315789473684,0.0
2011-01-29,0,20,2.236842105263158,0.0
2011-01-30,0,0,0.0,0.0
2011-01-31,5,40,17.039473684210527,20.0
2011-02-01,0,70,18.68421052631579,2.5
2011-02-02,0,0,0.0,0.0
2011-02-03,0,70,10.526315789473685,5.0
2011-02-04,0,40,4.881578947368421,0.0
2011-02-05,0,40,15.394736842105264,20.0
2011-02-06,5,100,26.05263157894737,20.0
2011-02-07,0,40,4.131578947368421,0.0
2011-02-08,0,5,0.06578947368421052,0.0
2011-02-09,0,0,0.0,0.0
2011-02-10,0,0,0.0,0.0
2011-02-11,0,70,30.263157894736842,20.0
2011-02-12,0,0,0.0,0.0
2011-02-13,0,0,0.0,0.0
2011-02-14,0,20,2.8947368421052633,0.0
2011-02-15,0,0,0.0,0.0
2011-02-16,0,0,0.0,0.0
2011-02-17,0,0,0.0,0.0
2011-02-18,0,0,0.0,0.0
2011-02-19,0,0,0.0,0.0
2011-02-20,0,0,0.0,0.0
2011-02-21,0,0,0.0,0.0
2011-02-22,0,5,1.131578947368421,0.0
2011-02-23,0,5,0.8552631578947368,0.0
2011-02-24,0,5,0.6710526315789473,0.0
2011-02-25,0,0,0.0,0.0
2011-02-26,0,0,0.0,0.0
2011-02-27,0,5,0.5263157894736842,0.0
2011-02-28,0,40,8.026315789473685,5.0
2011-03-01,0,40,6.7105263157894735,0.0
2011-03-02,0,0,0.0,0.0
2011-03-03,0,5,0.2631578947368421,0.0
2011-03-04,0,0,0.0,0.0
2011-04-01,0,0,0.0,0.0
2011-04-02,0,0,0.0,0.0
2011-05-01,0,0,0.0,0.0
2011-05-02,0,0,0.0,0.0
2011-06-01,0,0,0.0,0.0
2011-06-02,0,0,0.0,0.0
2011-06-03,0,0,0.0,0.0
2011-06-04,0,0,0.0,0.0
2011-06-05,0,0,0.0,0.0
2011-06-06,0,0,0.0,0.0
2011-06-07,0,40,13.881578947368421,20.0
2011-06-08,0,40,10.657894736842104,5.0
2011-06-09,0,0,0.0,0.0
2011-06-10,0,0,0.0,0.0
2011-06-11,0,10,2.5,0.0
2011-06-12,0,0,0.0,0.0
2011-06-13,0,0,0.0,0.0
2011-06-14,0,0,0.0,0.0
2011-06-15,0,0,0.0,0.0
2011-06-16,0,0,0.0,0.0
2011-06-17,0,0,0.0,0.0
2011-06-18,0,0,0.0,0.0
2011-06-19,0,0,0.0,0.0
2011-06-20,0,10,0.7236842105263158,0.0
2011-06-21,0,0,0.0,0.0
2011-06-22,0,0,0.0,0.0
2011-06-23,0,0,0.0,0.0
2011-06-24,0,0,0.0,0.0
2011-06-25,0,5,1.25,0.0
2011-06-26,0,0,0.0,0.0
2011-06-27,0,0,0.0,0.0
2011-06-28,0,40,10.263157894736842,5.0
2011-06-29,0,0,0.0,0.0
2011-06-30,0,10,2.763157894736842,0.0
2011-07-01,0,0,0.0,0.0
2011-07-02,0,0,0.0,0.0
2011-08-01,0,0,0.0,0.0
2011-08-02,0,0,0.0,0.0
2011-08-03,0,0,0.0,0.0
2011-08-04,0,0,0.0,0.0
2011-08-05,0,0,0.0,0.0
2011-08-06,0,0,0.0,0.0
2011-08-07,0,5,0.5263157894736842,0.0
2011-08-08,0,5,0.6973684210526315,0.0
2011-08-09,0,40,16.776315789473685,10.0
2011-08-10,0,0,0.0,0.0
2011-08-11,0,0,0.0,0.0
2011-08-12,0,5,0.13157894736842105,0.0
2011-08-13,0,0,0.0,0.0
2011-08-14,0,0,0.0,0.0
2011-08-15,0,0,0.0,0.0
2011-08-16,0,0,0.0,0.0
2011-08-17,0,0,0.0,0.0
2011-08-18,0,0,0.0,0.0
2011-08-19,0,0,0.0,0.0
2011-08-20,0,0,0.0,0.0
2011-08-21,0,1,0.09210526315789473,0.0
2011-08-22,0,5,2.6973684210526314,5.0
2011-08-23,0,0,0.0,0.0
2011-08-24,0,5,0.8421052631578947,0.0
2011-08-25,0,10,1.5789473684210527,0.0
2011-08-26,0,0,0.0,0.0
2011-08-27,0,0,0.0,0.0
2011-08-28,0,0,0.0,0.0
2011-08-29,0,0,0.0,0.0
2011-08-30,0,0,0.0,0.0
2011-08-31,0,0,0.0,0.0
2010-01-01,0,0,0.0,0.0
2010-01-02,0,10,1.7763157894736843,0.0
2010-01-03,0,10,2.776315789473684,5.0
2010-01-04,0,5,0.4605263157894737,0.0
2010-01-05,0,0,0.0,0.0
2010-01-06,0,0,0.0,0.0
2010-01-07,0,0,0.0,0.0
2010-01-08,0,0,0.0,0.0
2010-01-09,0,0,0.0,0.0
2010-01-10,0,0,0.0,0.0
2010-01-11,0,5,0.7894736842105263,0.0
2010-01-12,0,1,0.10526315789473684,0.0
2010-01-13,0,5,1.0789473684210527,0.0
2010-01-14,0,0,0.0,0.0
2010-01-15,0,0,0.0,0.0
2010-01-16,0,5,0.6842105263157895,0.0
2010-01-17,0,0,0.0,0.0
2010-01-18,0,0,0.0,0.0
2010-01-19,0,0,0.0,0.0
2010-01-20,0,0,0.0,0.0
2010-01-21,0,0,0.0,0.0
2010-01-22,0,0,0.0,0.0
2010-01-23,0,0,0.0,0.0
2010-01-24,0,0,0.0,0.0
2010-01-25,0,0,0.0,0.0
2010-01-26,0,0,0.0,0.0
2010-01-27,0,0,0.0,0.0
2010-01-28,0,0,0.0,0.0
2010-01-29,0,0,0.0,0.0
2010-01-30,0,0,0.0,0.0
2010-01-31,0,0,0.0,0.0
2010-02-01,0,0,0.0,0.0
2010-02-02,0,0,0.0,0.0
2010-02-03,0,0,0.0,0.0
2010-02-04,0,0,0.0,0.0
2010-02-05,0,0,0.0,0.0
2010-02-06,0,0,0.0,0.0
2010-02-07,0,0,0.0,0.0
2010-02-08,0,0,0.0,0.0
2010-02-09,0,0,0.0,0.0
2010-02-10,0,0,0.0,0.0
2010-02-11,0,0,0.0,0.0
2010-02-12,0,0,0.0,0.0
2010-02-13,0,0,0.0,0.0
2010-02-14,0,0,0.0,0.0
2010-02-15,0,0,0.0,0.0
2010-02-16,0,0,0.0,0.0
2010-02-17,0,0,0.0,0.0
2010-02-18,0,0,0.0,0.0
2010-02-19,0,0,0.0,0.0
2010-02-20,0,0,0.0,0.0
2010-02-21,0,0,0.0,0.0
2010-02-22,0,0,0.0,0.0
2010-02-23,0,0,0.0,0.0
2010-02-24,0,0,0.0,0.0
2010-02-25,0,0,0.0,0.0
2010-02-26,0,0,0.0,0.0
2010-02-27,0,0,0.0,0.0
2010-02-28,0,0,0.0,0.0
2010-03-01,0,0,0.0,0.0
2010-03-02,0,0,0.0,0.0
2010-03-03,0,0,0.0,0.0
2010-03-04,0,0,0.0,0.0
2010-03-05,0,5,1.0526315789473684,0.0
2010-03-06,0,10,3.8552631578947367,5.0
2010-03-07,0,0,0.0,0.0
2010-03-08,0,0,0.0,0.0
2010-03-09,0,1,0.10526315789473684,0.0
2010-03-10,0,0,0.0,0.0
2010-03-11,0,0,0.0,0.0
2010-03-12,0,0,0.0,0.0
2010-03-13,0,0,0.0,0.0
2010-03-14,0,0,0.0,0.0
2010-03-15,0,0,0.0,0.0
2010-03-16,0,0,0.0,0.0
2010-03-17,0,0,0.0,0.0
2010-03-18,0,5,0.5263157894736842,0.0
2010-03-19,0,0,0.0,0.0
2010-03-20,0,0,0.0,0.0
2010-03-21,0,1,0.10526315789473684,0.0
2010-03-22,0,10,3.3947368421052633,0.0
2010-03-23,0,0,0.0,0.0
2010-03-24,0,0,0.0,0.0
2010-03-25,0,0,0.0,0.0
2010-03-26,0,0,0.0,0.0
2010-03-27,0,0,0.0,0.0
2010-03-28,0,0,0.0,0.0
2010-03-29,0,0,0.0,0.0
2010-03-30,0,0,0.0,0.0
2010-03-31,0,0,0.0,0.0
2010-04-01,0,0,0.0,0.0
2010-04-02,0,0,0.0,0.0
2010-04-03,0,0,0.0,0.0
2010-04-04,0,0,0.0,0.0
2010-04-05,0,0,0.0,0.0
2010-04-06,0,5,0.9605263157894737,0.0
2010-04-07,0,0,0.0,0.0
2010-04-08,0,0,0.0,0.0
2010-04-09,0,0,0.0,0.0
2010-04-10,0,5,1.105263157894737,0.0
2010-04-11,0,5,0.27631578947368424,0.0
2010-04-12,0,0,0.0,0.0
2010-04-13,0,0,0.0,0.0
2010-04-14,0,5,1.644736842105263,0.0
2010-04-15,0,5,0.75,0.0
2010-04-16,0,0,0.0,0.0
2010-04-17,0,0,0.0,0.0
2010-04-18,0,0,0.0,0.0
2010-04-19,0,0,0.0,0.0
2010-04-20,0,20,7.7105263157894735,5.0
2010-04-21,0,5,0.23684210526315788,0.0
2010-04-22,0,0,0.0,0.0
2010-04-23,0,5,1.644736842105263,0.0
2010-04-24,0,0,0.0,0.0
2010-04-25,0,1,0.10526315789473684,0.0
2010-04-26,0,0,0.0,0.0
2010-04-27,0,1,0.09210526315789473,0.0
2010-04-28,0,0,0.0,0.0
2010-04-29,0,5,0.5263157894736842,0.0
2010-04-30,0,5,1.6973684210526316,0.0
2010-05-01,0,0,0.0,0.0
2010-05-02,0,0,0.0,0.0
2010-06-01,0,0,0.0,0.0
2010-06-02,0,0,0.0,0.0
2010-06-03,0,0,0.0,0.0
2010-06-04,0,0,0.0,0.0
2010-06-05,0,5,2.289473684210526,0.5
2010-06-06,0,0,0.0,0.0
2010-06-07,0,0,0.0,0.0
2010-06-08,0,5,1.986842105263158,0.0
2010-06-09,0,1,0.02631578947368421,0.0
2010-06-10,0,0,0.0,0.0
2010-06-11,0,0,0.0,0.0
2010-06-12,0,5,0.631578947368421,0.0
2010-06-13,0,10,2.6052631578947367,0.0
2010-06-14,0,0,0.0,0.0
2010-06-15,0,0,0.0,0.0
2010-06-16,0,0,0.0,0.0
2010-06-17,0,0,0.0,0.0
2010-06-18,0,0,0.0,0.0
2010-06-19,0,0,0.0,0.0
2010-06-20,0,1,0.013157894736842105,0.0
2010-06-21,0,0,0.0,0.0
2010-06-22,0,5,2.5,2.5
2010-06-23,0,5,1.1842105263157894,0.0
2010-06-24,0,10,3.8947368421052633,5.0
2010-06-25,0,1,0.19736842105263158,0.0
2010-06-26,0,1,0.10526315789473684,0.0
2010-06-27,0,0,0.0,0.0
2010-06-28,0,0,0.0,0.0
2010-06-29,0,0,0.0,0.0
2010-06-30,0,5,1.0526315789473684,0.0
2010-07-01,0,0,0.0,0.0
2010-07-02,0,0,0.0,0.0
2010-08-01,0,0,0.0,0.0
2010-08-02,0,0,0.0,0.0
2010-08-03,0,0,0.0,0.0
2010-08-04,0,0,0.0,0.0
2010-08-05,0,0,0.0,0.0
2010-08-06,0,0,0.0,0.0
2010-08-07,0,0,0.0,0.0
2010-08-08,0,0,0.0,0.0
2010-08-09,0,0,0.0,0.0
2010-08-10,0,5,0.32894736842105265,0.0
2010-08-11,0,0,0.0,0.0
2010-08-12,0,0,0.0,0.0
2010-08-13,0,0,0.0,0.0
2010-08-14,0,0,0.0,0.0
2010-08-15,0,5,0.06578947368421052,0.0
2010-08-16,0,5,4.105263157894737,5.0
2010-08-17,0,5,0.7894736842105263,0.0
2010-08-18,0,0,0.0,0.0
2010-08-19,0,0,0.0,0.0
2010-08-20,0,0,0.0,0.0
2010-08-21,0,0,0.0,0.0
2010-08-22,0,0,0.0,0.0
2010-08-23,0,5,0.5263157894736842,0.0
2010-08-24,0,20,5.9868421052631575,0.0
2010-08-25,0,0,0.0,0.0
2010-08-26,0,0,0.0,0.0
2010-08-27,0,0,0.0,0.0
2010-08-28,0,0,0.0,0.0
2010-08-29,0,0,0.0,0.0
2010-08-30,0,0,0.0,0.0
2010-08-31,0,0,0.0,0.0
2010-09-01,0,0,0.0,0.0
2010-09-02,0,0,0.0,0.0
2010-09-03,0,40,9.223684210526315,0.0
2010-09-04,0,20,5.2631578947368425,0.0
2010-09-05,0,0,0.0,0.0
2010-09-06,0,40,10.789473684210526,10.0
2010-09-07,0,5,1.1842105263157894,0.0
2010-09-08,0,0,0.0,0.0
2010-09-09,0,0,0.0,0.0
2010-09-10,0,0,0.0,0.0
2010-09-11,0,0,0.0,0.0
2010-09-12,0,10,0.8026315789473685,0.0
2010-09-13,0,0,0.0,0.0
2010-09-14,0,5,0.06578947368421052,0.0
2010-09-15,0,20,3.289473684210526,5.0
2010-09-16,0,5,0.5921052631578947,0.0
2010-09-17,0,0,0.0,0.0
2010-09-18,0,10,5.526315789473684,10.0
2010-09-19,0,0,0.0,0.0
2010-09-20,0,0,0.0,0.0
2010-09-21,0,0,0.0,0.0
2010-09-22,0,0,0.0,0.0
2010-09-23,0,20,3.1842105263157894,0.0
2010-09-24,0,5,0.9210526315789473,0.0
2010-09-25,0,5,0.4605263157894737,0.0
2010-09-26,0,20,3.486842105263158,0.0
2010-09-27,0,0,0.0,0.0
2010-09-28,0,0,0.0,0.0
2010-09-29,0,0,0.0,0.0
2010-09-30,0,0,0.0,0.0
2010-10-01,0,0,0.0,0.0
2010-10-02,0,0,0.0,0.0
2010-11-01,0,0,0.0,0.0
2010-11-02,0,0,0.0,0.0
2010-11-03,0,1,0.05263157894736842,0.0
2010-11-04,0,0,0.0,0.0
2010-11-05,0,20,6.447368421052632,3.0
2010-11-06,0,10,2.289473684210526,0.0
2010-11-07,0,5,0.8552631578947368,0.0
2010-11-08,0,5,1.1842105263157894,0.0
2010-11-09,0,10,0.8289473684210527,0.0
2010-11-10,0,20,3.5657894736842106,0.0
2010-11-11,0,20,3.6842105263157894,0.0
2010-11-12,0,10,0.5921052631578947,0.0
2010-11-13,0,5,0.06578947368421052,0.0
2010-11-14,0,5,0.06578947368421052,0.0
2010-11-15,0,20,6.0131578947368425,5.0
2010-11-16,0,5,1.0526315789473684,0.0
2010-11-17,0,0,0.0,0.0
2010-11-18,0,10,0.39473684210526316,0.0
2010-11-19,0,40,3.8289473684210527,0.0
2010-11-20,0,70,32.5,30.0
2010-11-21,0,100,29.144736842105264,40.0
2010-11-22,0,70,16.57894736842105,10.0
2010-11-23,0,40,11.447368421052632,10.0
2010-11-24,0,0,0.0,0.0
2010-11-25,0,20,1.9736842105263157,0.0
2010-11-26,0,40,11.973684210526315,10.0
2010-11-27,0,10,0.6973684210526315,0.0
2010-11-28,0,0,0.0,0.0
2010-11-29,0,10,1.0526315789473684,0.0
2010-11-30,0,10,0.5263157894736842,0.0
2010-12-01,0,0,0.0,0.0
2010-12-02,0,5,0.5263157894736842,0.0
2010-12-03,0,40,8.552631578947368,0.0
2010-12-04,0,40,8.421052631578947,0.0
2010-12-05,0,40,5.0,0.0
2010-12-06,0,0,0.0,0.0
2010-12-07,0,20,3.5526315789473686,0.0
2010-12-08,0,20,9.868421052631579,10.0
2010-12-09,0,20,1.3157894736842106,0.0
2010-12-10,0,70,9.210526315789474,0.0
2010-12-11,0,20,9.736842105263158,10.0
2010-12-12,0,5,0.6578947368421053,0.0
2010-12-13,0,20,1.9078947368421053,0.0
2010-12-14,0,0,0.0,0.0
2010-12-15,0,0,0.0,0.0
2010-12-16,0,0,0.0,0.0
2010-12-17,0,10,2.1710526315789473,0.0
2010-12-18,0,0,0.0,0.0
2010-12-19,0,0,0.0,0.0
2010-12-20,0,0,0.0,0.0
2010-12-21,0,0,0.0,0.0
2010-12-22,0,5,0.5921052631578947,0.0
2010-12-23,0,5,0.5921052631578947,0.0
2010-12-24,0,0,0.0,0.0
2010-12-25,0,20,5.7894736842105265,2.5
2010-12-26,0,20,0.6578947368421053,0.0
2010-12-27,0,0,0.0,0.0
2010-12-28,0,0,0.0,0.0
2010-12-29,0,0,0.0,0.0
2010-12-30,0,20,3.8157894736842106,0.0
2010-12-31,5,70,28.88157894736842,20.0
2009-01-01,0,70,18.42105263157895,10.0
2009-01-02,0,5,2.776315789473684,5.0
2009-01-03,0,40,23.355263157894736,20.0
2009-01-04,0,5,0.5263157894736842,0.0
2009-01-05,0,40,10.460526315789474,10.0
2009-01-06,5,100,29.473684210526315,20.0
2009-01-07,0,40,2.4342105263157894,0.0
2009-01-08,0,10,1.1842105263157894,0.0
2009-01-09,0,0,0.0,0.0
2009-01-10,0,5,0.2631578947368421,0.0
2009-01-11,0,5,1.2894736842105263,0.0
2009-01-12,0,0,0.0,0.0
2009-01-13,0,0,0.0,0.0
2009-01-14,0,0,0.0,0.0
2009-01-15,0,0,0.0,0.0
2009-01-16,0,0,0.0,0.0
2009-01-17,0,10,0.6578947368421053,0.0
2009-01-18,0,20,8.552631578947368,10.0
2009-01-19,0,0,0.0,0.0
2009-01-20,0,0,0.0,0.0
2009-01-21,0,0,0.0,0.0
2009-01-22,0,0,0.0,0.0
2009-01-23,0,0,0.0,0.0
2009-01-24,0,0,0.0,0.0
2009-01-25,0,0,0.0,0.0
2009-01-26,0,0,0.0,0.0
2009-01-27,0,0,0.0,0.0
2009-01-28,0,20,10.789473684210526,7.5
2009-01-29,0,20,4.394736842105263,0.5
2009-01-30,0,0,0.0,0.0
2009-01-31,0,5,0.06578947368421052,0.0
2009-02-01,0,5,0.2631578947368421,0.0
2009-02-02,0,10,1.8421052631578947,0.0
2009-02-03,0,5,0.06578947368421052,0.0
2009-02-04,0,0,0.0,0.0
2009-02-05,0,0,0.0,0.0
2009-02-06,0,0,0.0,0.0
2009-02-07,0,0,0.0,0.0
2009-02-08,0,0,0.0,0.0
2009-02-09,0,0,0.0,0.0
2009-02-10,0,0,0.0,0.0
2009-02-11,0,0,0.0,0.0
2009-02-12,0,0,0.0,0.0
2009-02-13,0,0,0.0,0.0
2009-02-14,0,0,0.0,0.0
2009-02-15,0,0,0.0,0.0
2009-02-16,0,0,0.0,0.0
2009-02-17,0,0,0.0,0.0
2009-02-18,0,0,0.0,0.0
2009-02-19,0,0,0.0,0.0
2009-02-20,0,0,0.0,0.0
2009-02-21,0,0,0.0,0.0
2009-02-22,0,0,0.0,0.0
2009-02-23,0,10,1.8421052631578947,0.0
2009-02-24,0,0,0.0,0.0
2009-02-25,0,0,0.0,0.0
2009-02-26,0,0,0.0,0.0
2009-02-27,0,0,0.0,0.0
2009-02-28,0,0,0.0,0.0
2009-03-01,0,0,0.0,0.0
2009-03-02,0,0,0.0,0.0
2009-03-03,0,0,0.0,0.0
2009-03-04,0,0,0.0,0.0
2009-03-05,0,0,0.0,0.0
2009-03-06,0,0,0.0,0.0
2009-03-07,0,0,0.0,0.0
2009-03-08,0,40,9.342105263157896,2.5
2009-03-09,0,5,0.5263157894736842,0.0
2009-03-10,0,0,0.0,0.0
2009-03-11,0,10,3.6973684210526314,0.0
2009-03-12,0,1,0.10526315789473684,0.0
2009-03-13,0,5,1.6710526315789473,0.0
2009-03-14,0,0,0.0,0.0
2009-03-15,0,40,22.289473684210527,20.0
2009-03-16,0,0,0.0,0.0
2009-03-17,0,0,0.0,0.0
2009-03-18,0,0,0.0,0.0
2009-03-19,0,0,0.0,0.0
2009-03-20,0,0,0.0,0.0
2009-03-21,0,0,0.0,0.0
2009-03-22,0,5,2.3684210526315788,0.0
2009-03-23,0,0,0.0,0.0
2009-03-24,0,0,0.0,0.0
2009-03-25,0,0,0.0,0.0
2009-03-26,0,0,0.0,0.0
2009-03-27,0,0,0.0,0.0
2009-03-28,0,0,0.0,0.0
2009-03-29,0,5,2.8815789473684212,5.0
2009-03-30,0,0,0.0,0.0
2009-04-01,0,5,0.8157894736842105,0.0
2009-05-01,0,0,0.0,0.0
2009-06-01,0,0,0.0,0.0
2009-06-02,0,0,0.0,0.0
2009-06-03,0,1,0.23684210526315788,0.0
2009-06-04,0,0,0.0,0.0
2009-06-05,0,5,2.289473684210526,0.5
2009-06-06,0,5,2.210526315789474,1.0
2009-06-07,0,5,0.06578947368421052,0.0
2009-06-08,0,0,0.0,0.0
2009-06-09,0,5,2.4342105263157894,0.0
2009-06-10,0,0,0.0,0.0
2009-06-11,0,0,0.0,0.0
2009-06-12,0,5,1.0526315789473684,0.0
2009-06-13,0,10,1.7763157894736843,0.0
2009-06-14,0,0,0.0,0.0
2009-06-15,0,0,0.0,0.0
2009-06-16,0,0,0.0,0.0
2009-06-17,0,1,0.013157894736842105,0.0
2009-06-18,0,5,1.0526315789473684,0.0
2009-06-19,0,0,0.0,0.0
2009-06-20,0,0,0.0,0.0
2009-06-21,0,0,0.0,0.0
2009-06-22,0,1,0.013157894736842105,0.0
2009-06-23,0,0,0.0,0.0
2009-06-24,0,0,0.0,0.0
2009-06-25,0,5,2.539473684210526,3.0
2009-06-26,0,5,0.40789473684210525,0.0
2009-06-27,0,1,0.039473684210526314,0.0
2009-06-28,0,1,0.039473684210526314,0.0
2009-06-29,0,0,0.0,0.0
2009-06-30,0,0,0.0,0.0
2009-07-01,0,0,0.0,0.0
2009-08-01,0,0,0.0,0.0
2009-08-02,0,10,3.986842105263158,5.0
2009-08-03,5,40,15.131578947368421,10.0
2009-08-04,0,5,1.0657894736842106,0.0
2009-08-05,0,0,0.0,0.0
2009-08-06,0,0,0.0,0.0
2009-08-07,0,0,0.0,0.0
2009-08-08,0,0,0.0,0.0
2009-08-09,0,0,0.0,0.0
2009-08-10,0,0,0.0,0.0
2009-08-11,0,0,0.0,0.0
2009-08-12,0,0,0.0,0.0
2009-08-13,0,0,0.0,0.0
2009-08-14,0,0,0.0,0.0
2009-08-15,0,5,1.25,0.0
2009-08-16,0,0,0.0,0.0
2009-08-17,0,0,0.0,0.0
2009-08-18,0,0,0.0,0.0
2009-08-19,0,5,0.5263157894736842,0.0
2009-08-20,0,0,0.0,0.0
2009-08-21,0,0,0.0,0.0
2009-08-22,0,0,0.0,0.0
2009-08-23,0,5,3.8157894736842106,5.0
2009-08-24,0,0,0.0,0.0
2009-08-25,0,0,0.0,0.0
2009-08-26,0,0,0.0,0.0
2009-08-27,0,0,0.0,0.0
2009-08-28,0,0,0.0,0.0
2009-08-29,0,0,0.0,0.0
2009-08-30,0,0,0.0,0.0
